Workbook

Sheet Stat Formulas
A1: Name | B1: Stat ID | C1: Description | D1: Formula (abbreviated) | E1: Base Value (0) | F1: Primary Stat Dependencies | G1: Direct Stat Dependencies | H1: Full Stat Dependency Chain | I1: Base (10) | J1: Human (12) | K1: Minor Racial (13) | L1: Major Racial (14) | M1: Max Base (50) | N1: Max Human (52) | O1: Max Minor Racial (53) | P1: Max Major Racial (54) | Q1: Show at Char Creation | R1: Formula (raw) | S1: Type
A2: Arcane Resistance Multiplier | B2: ArcaneResistanceMultiplier | C2: Multiplier for arcane damage from resistance | D2: 1 - ArcaneResistanceValue | E2: 1 | G2: Arcane Resistance | H2: Arcane Resistance | I2: 1 | J2: 1 | K2: 1 | L2: 1 | M2: 1 | N2: 1 | O2: 1 | P2: 1 | Q2: Yes | R2: 1 - Ctx.GetOrCalculateStat(Stat.ArcaneResistanceValue) | S2: Derived
A3: Base Faith Regeneration | B3: BaseFaithRegeneration | C3: Base Faith Regeneration from Spirit and flat sources | D3: 10 | E3: 10 | I3: 10 | J3: 10 | K3: 10 | L3: 10 | M3: 10 | N3: 10 | O3: 10 | P3: 10 | Q3: Yes | R3: 10 | S3: Derived
A4: Base Health Regeneration | B4: BaseHealthRegeneration | C4: Base Health Regeneration from Vitality and flat sources | D4: MaxHP / 150 | E4: 33.333333 | F4: Vitality | G4: Maximum Health | H4: Base Maximum Health, Maximum Health, Maximum Health Increase | I4: 48 | J4: 51.253333 | K4: 52.92 | L4: 54.613333 | M4: 133.33333 | N4: 138.72 | O4: 141.45333 | P4: 144.21333 | Q4: Yes | R4: Ctx.GetOrCalculateStat(Stat.MaxHP) / 150 | S4: Derived
A5: Base Mana Regeneration | B5: BaseManaRegeneration | C5: Base Mana Regeneration from Spirit and flat sources | D5: MaxMana / 500 | E5: 10 | F5: Spirit | G5: Max Mana | H5: Base Maximum Mana, Max Mana, Maximum Mana Increase | I5: 14.4 | J5: 15.376 | K5: 15.876 | L5: 16.384 | M5: 40 | N5: 41.616 | O5: 42.436 | P5: 43.264 | Q5: Yes | R5: Ctx.GetOrCalculateStat(Stat.MaxMana) / 500 | S5: Derived
A6: Base Maximum Health | B6: BaseMaxHP | C6: Base Maximum Health from Vitality and flat sources | D6: 5000 + 100 * Vitality | E6: 5000 | F6: Vitality | I6: 6000 | J6: 6200 | K6: 6300 | L6: 6400 | M6: 10000 | N6: 10200 | O6: 10300 | P6: 10400 | Q6: Yes | R6: 5000 + 100 * Ctx.GetOrCalculateStat(Stat.Vitality) | S6: Derived
A7: Base Maximum Mana | B7: BaseMaxMana | C7: Base Maximum Mana from Spirit and flat sources | D7: 5000 + 100 * Spirit | E7: 5000 | F7: Spirit | I7: 6000 | J7: 6200 | K7: 6300 | L7: 6400 | M7: 10000 | N7: 10200 | O7: 10300 | P7: 10400 | Q7: Yes | R7: 5000 + 100 * Ctx.GetOrCalculateStat(Stat.Spirit) | S7: Derived
A8: Buff Duration | B8: BuffDurationMultiplier | C8: Increases the duration of Buffs you apply | D8: (1 + Conviction * 0.005) | E8: 1 | F8: Conviction | I8: 1.05 | J8: 1.06 | K8: 1.065 | L8: 1.07 | M8: 1.25 | N8: 1.26 | O8: 1.265 | P8: 1.27 | Q8: Yes | R8: (float) (1 + Ctx.GetOrCalculateStat(Stat.Conviction) * 0.005) | S8: Derived
A9: Buff Effect | B9: BuffEffectMultiplier | C9: Increases the numerical values of Buffs you apply | D9: (1 + Conviction * 0.005) | E9: 1 | F9: Conviction | I9: 1.05 | J9: 1.06 | K9: 1.065 | L9: 1.07 | M9: 1.25 | N9: 1.26 | O9: 1.265 | P9: 1.27 | Q9: Yes | R9: (float) (1 + Ctx.GetOrCalculateStat(Stat.Conviction) * 0.005) | S9: Derived
A10: Chaos Resistance Multiplier | B10: ChaosResistanceMultiplier | C10: Multiplier for chaos damage from resistance | D10: 1 - ChaosResistanceValue | E10: 1 | G10: Chaos Resistance | H10: Chaos Resistance | I10: 1 | J10: 1 | K10: 1 | L10: 1 | M10: 1 | N10: 1 | O10: 1 | P10: 1 | Q10: Yes | R10: 1 - Ctx.GetOrCalculateStat(Stat.ChaosResistanceValue) | S10: Derived
A11: Critical Hit Chance | B11: CriticalHitChance | C11: Fraction chance for critical hits | D11: (2 * (1 / (1 + Exp(-0.011 * CriticalHitRating))) - 1) | E11: 0.054945 | G11: Critical Hit Rating | H11: Critical Hit Rating | I11: 0.054945 | J11: 0.054945 | K11: 0.054945 | L11: 0.054945 | M11: 0.054945 | N11: 0.054945 | O11: 0.054945 | P11: 0.054945 | Q11: Yes | R11: (float) (2 * (1 / (1 + System.Math.Exp(-0.011 * Ctx.GetOrCalculateStat(Stat.CriticalHitRating)))) - 1) | S11: Derived
A12: Crushing Resistance Multiplier | B12: CrushingResistanceMultiplier | C12: Multiplier for crushing damage from resistance | D12: 1 - CrushingResistanceValue | E12: 1 | G12: Crushing Resistance | H12: Crushing Resistance | I12: 1 | J12: 1 | K12: 1 | L12: 1 | M12: 1 | N12: 1 | O12: 1 | P12: 1 | Q12: Yes | R12: 1 - Ctx.GetOrCalculateStat(Stat.CrushingResistanceValue) | S12: Derived
A13: Current Max Health | B13: MaxHPLimit | C13: Restricted Max HP for limitations like Wounds | D13: MaxHP | E13: 5000 | F13: Vitality | G13: Maximum Health | H13: Base Maximum Health, Maximum Health, Maximum Health Increase | I13: 7200 | J13: 7688 | K13: 7938 | L13: 8192 | M13: 20000 | N13: 20808 | O13: 21218 | P13: 21632 | Q13: Yes | R13: Ctx.GetOrCalculateStat(Stat.MaxHP) | S13: Derived
A14: Debuff Duration Multiplier | B14: DebuffDurationMultiplier | C14: Multiplier for duration of Debuffs applied to you | D14: 1 - DebuffDurationReduction | E14: 1 | F14: Endurance | G14: Debuff Duration Reduction | H14: Debuff Duration Reduction | I14: 0.95 | J14: 0.94 | K14: 0.935 | L14: 0.93 | M14: 0.75 | N14: 0.74 | O14: 0.735 | P14: 0.73 | Q14: Yes | R14: 1 - Ctx.GetOrCalculateStat(Stat.DebuffDurationReduction) | S14: Derived
A15: Debuff Duration Reduction | B15: DebuffDurationReduction | C15: Reduces the duration of Debuffs applied to you | D15: (Endurance * 0.005) | E15: 0 | F15: Endurance | I15: 0.05 | J15: 0.06 | K15: 0.065 | L15: 0.07 | M15: 0.25 | N15: 0.26 | O15: 0.265 | P15: 0.27 | Q15: Yes | R15: (float) (Ctx.GetOrCalculateStat(Stat.Endurance) * 0.005) | S15: Derived
A16: Detection Range | B16: DetectionRange | C16: Determines how far away you can see Stealthed enemies. | D16: (5 + Command * 0.75) | E16: 5 | F16: Command | I16: 12.5 | J16: 14 | K16: 14.75 | L16: 15.5 | M16: 42.5 | N16: 44 | O16: 44.75 | P16: 45.5 | Q16: Yes | R16: (float) (5 + Ctx.GetOrCalculateStat(Stat.Command) * 0.75) | S16: Derived
A17: Detection Regen | B17: DetectionRegen | C17: Regen to make Detection Resource work | D17: 100 | E17: 100 | I17: 100 | J17: 100 | K17: 100 | L17: 100 | M17: 100 | N17: 100 | O17: 100 | P17: 100 | Q17: Yes | R17: 100 | S17: Derived
A18: Earth Resistance Multiplier | B18: EarthResistanceMultiplier | C18: Multiplier for earth damage from resistance | D18: 1 - EarthResistanceValue | E18: 1 | G18: Earth Resistance | H18: Earth Resistance | I18: 1 | J18: 1 | K18: 1 | L18: 1 | M18: 1 | N18: 1 | O18: 1 | P18: 1 | Q18: Yes | R18: 1 - Ctx.GetOrCalculateStat(Stat.EarthResistanceValue) | S18: Derived
A19: Faith Regeneration Increase | B19: FaithRegenerationIncrease | C19: Multiplier on Base Faith Regeneration | D19: (Spirit * 0.03) | E19: 0 | F19: Spirit | I19: 0.3 | J19: 0.36 | K19: 0.39 | L19: 0.42 | M19: 1.5 | N19: 1.56 | O19: 1.59 | P19: 1.62 | Q19: Yes | R19: (float) (Ctx.GetOrCalculateStat(Stat.Spirit) * 0.03) | S19: Derived
A20: Fire Resistance Multiplier | B20: FireResistanceMultiplier | C20: Multiplier for fire damage from resistance | D20: 1 - FireResistanceValue | E20: 1 | G20: Fire Resistance | H20: Fire Resistance | I20: 1 | J20: 1 | K20: 1 | L20: 1 | M20: 1 | N20: 1 | O20: 1 | P20: 1 | Q20: Yes | R20: 1 - Ctx.GetOrCalculateStat(Stat.FireResistanceValue) | S20: Derived
A21: Focus Charger Regen | B21: FocusChargerRegen | C21: Amount to increase focus charger bar per tick | D21: 20 | E21: 20 | I21: 20 | J21: 20 | K21: 20 | L21: 20 | M21: 20 | N21: 20 | O21: 20 | P21: 20 | Q21: Yes | R21: 20 | S21: Derived
A22: Healing Multiplier | B22: BaseHealingMultiplier | C22: Increases Healing done by your abilities | D22: (1 + Conviction * 0.01) | E22: 1 | F22: Conviction | I22: 1.1 | J22: 1.12 | K22: 1.13 | L22: 1.14 | M22: 1.5 | N22: 1.52 | O22: 1.53 | P22: 1.54 | Q22: Yes | R22: (float) (1 + Ctx.GetOrCalculateStat(Stat.Conviction) * 0.01) | S22: Derived
A23: Health Regeneration | B23: CombinedHealthRegeneration | C23: Rate at which combined health regenerates over time. | D23: HealthRegeneration | E23: 33.333333 | F23: Vitality | G23: Health Regeneration | H23: Base Health Regeneration, Base Maximum Health, Health Regeneration, Health Regeneration Increase, Maximum Health, Maximum Health Increase | I23: 57.6 | J23: 63.554133 | K23: 66.6792 | L23: 69.905067 | M23: 266.66667 | N23: 282.9888 | O23: 291.39387 | P23: 299.96373 | Q23: Yes | R23: Ctx.GetOrCalculateStat(Stat.HealthRegeneration) | S23: Derived
A24: Health Regeneration | B24: HealthRegeneration | C24: Health regenerated per second while out of combat. | D24: (BaseHealthRegeneration * (1 + HealthRegenerationIncrease)) | E24: 33.333333 | F24: Vitality | G24: Base Health Regeneration, Health Regeneration Increase | H24: Base Health Regeneration, Base Maximum Health, Health Regeneration Increase, Maximum Health, Maximum Health Increase | I24: 57.6 | J24: 63.554133 | K24: 66.6792 | L24: 69.905067 | M24: 266.66667 | N24: 282.9888 | O24: 291.39387 | P24: 299.96373 | Q24: Yes | R24: (float) (Ctx.GetOrCalculateStat(Stat.BaseHealthRegeneration) * (1 + Ctx.GetOrCalculateStat(Stat.HealthRegenerationIncrease))) | S24: Derived
A25: Health Regeneration Increase | B25: HealthRegenerationIncrease | C25: Multiplier on Base Health Regeneration | D25: (Vitality * 0.02) | E25: 0 | F25: Vitality | I25: 0.2 | J25: 0.24 | K25: 0.26 | L25: 0.28 | M25: 1 | N25: 1.04 | O25: 1.06 | P25: 1.08 | Q25: Yes | R25: (float) (Ctx.GetOrCalculateStat(Stat.Vitality) * 0.02) | S25: Derived
A26: Lightning Resistance Multiplier | B26: LightningResistanceMultiplier | C26: Multiplier for lightning damage from resistance | D26: 1 - LightningResistanceValue | E26: 1 | G26: Lightning Resistance | H26: Lightning Resistance | I26: 1 | J26: 1 | K26: 1 | L26: 1 | M26: 1 | N26: 1 | O26: 1 | P26: 1 | Q26: Yes | R26: 1 - Ctx.GetOrCalculateStat(Stat.LightningResistanceValue) | S26: Derived
A27: Magic Armor Multiplier | B27: MagicArmorMultiplier | C27: Multiplier for magic damage from armor | D27: 1 - (0.003 * MagicArmorRating) / (1 + 0.003 * MagicArmorRating) | E27: 1 | G27: Magic Armor Rating | H27: Magic Armor Rating | I27: 1 | J27: 1 | K27: 1 | L27: 1 | M27: 1 | N27: 1 | O27: 1 | P27: 1 | Q27: Yes | R27: 1 - (0.003f * Ctx.GetOrCalculateStat(Stat.MagicArmorRating)) / (1 + 0.003f * Ctx.GetOrCalculateStat(Stat.MagicArmorRating)) | S27: Derived
A28: Mana Regeneration Increase | B28: ManaRegenerationIncrease | C28: Multiplier on Base Mana Regeneration | D28: (Spirit * 0.02) | E28: 0 | F28: Spirit | I28: 0.2 | J28: 0.24 | K28: 0.26 | L28: 0.28 | M28: 1 | N28: 1.04 | O28: 1.06 | P28: 1.08 | Q28: Yes | R28: (float) (Ctx.GetOrCalculateStat(Stat.Spirit) * 0.02) | S28: Derived
A29: Maximum Combined Health | B29: MaxCombinedHealth | C29: Maximum HP + maximum shield | D29: MaxHP + MaxShield | E29: 7500 | F29: Vitality | G29: Maximum Health, Maximum Shield | H29: Base Maximum Health, Maximum Health, Maximum Health Increase, Maximum Shield | I29: 10800 | J29: 11532 | K29: 11907 | L29: 12288 | M29: 30000 | N29: 31212 | O29: 31827 | P29: 32448 | Q29: Yes | R29: Ctx.GetOrCalculateStat(Stat.MaxHP) + Ctx.GetOrCalculateStat(Stat.MaxShield) | S29: Derived
A30: Maximum Health | B30: MaxHP | C30: Maximum Health value | D30: (BaseMaxHP * (1 + MaxHPIncrease)) | E30: 5000 | F30: Vitality | G30: Base Maximum Health, Maximum Health Increase | H30: Base Maximum Health, Maximum Health Increase | I30: 7200 | J30: 7688 | K30: 7938 | L30: 8192 | M30: 20000 | N30: 20808 | O30: 21218 | P30: 21632 | Q30: Yes | R30: (float) (Ctx.GetOrCalculateStat(Stat.BaseMaxHP) * (1 + Ctx.GetOrCalculateStat(Stat.MaxHPIncrease))) | S30: Derived
A31: Maximum Health Increase | B31: MaxHPIncrease | C31: Multiplier on Base Maximum Health | D31: (Vitality * 0.02) | E31: 0 | F31: Vitality | I31: 0.2 | J31: 0.24 | K31: 0.26 | L31: 0.28 | M31: 1 | N31: 1.04 | O31: 1.06 | P31: 1.08 | Q31: Yes | R31: (float) (Ctx.GetOrCalculateStat(Stat.Vitality) * 0.02) | S31: Derived
A32: Maximum Mana Increase | B32: MaxManaIncrease | C32: Multiplier on Base Maximum Mana | D32: (Spirit * 0.02) | E32: 0 | F32: Spirit | I32: 0.2 | J32: 0.24 | K32: 0.26 | L32: 0.28 | M32: 1 | N32: 1.04 | O32: 1.06 | P32: 1.08 | Q32: Yes | R32: (float) (Ctx.GetOrCalculateStat(Stat.Spirit) * 0.02) | S32: Derived
A33: Maximum Panic Rating | B33: MaxPanic | C33: The maximum amount of Panic you can sustain before becoming vulnerable to Terror effects. | D33: 1000 | E33: 1000 | I33: 1000 | J33: 1000 | K33: 1000 | L33: 1000 | M33: 1000 | N33: 1000 | O33: 1000 | P33: 1000 | Q33: Yes | R33: 1000 | S33: Derived
A34: Maximum Prospecting Excavation | B34: ProspectingExcavationMax | C34: Maximum excavation of prospecting resource | D34: 100 | E34: 100 | I34: 100 | J34: 100 | K34: 100 | L34: 100 | M34: 100 | N34: 100 | O34: 100 | P34: 100 | Q34: Yes | R34: 100 | S34: Derived
A35: Maximum Prospecting Fragility | B35: ProspectingFragilityMax | C35: Maximum fragility of prospecting resource | D35: 100 | E35: 100 | I35: 100 | J35: 100 | K35: 100 | L35: 100 | M35: 100 | N35: 100 | O35: 100 | P35: 100 | Q35: Yes | R35: 100 | S35: Derived
A36: Maximum Shield | B36: MaxShield | C36: Increases the character's maximum shield value. | D36: MaxHP / 2 | E36: 2500 | F36: Vitality | G36: Maximum Health | H36: Base Maximum Health, Maximum Health, Maximum Health Increase | I36: 3600 | J36: 3844 | K36: 3969 | L36: 4096 | M36: 10000 | N36: 10404 | O36: 10609 | P36: 10816 | Q36: Yes | R36: Ctx.GetOrCalculateStat(Stat.MaxHP) / 2 | S36: Derived
A37: Mind Resistance Multiplier | B37: MindResistanceMultiplier | C37: Multiplier for mind damage from resistance | D37: 1 - MindResistanceValue | E37: 1 | G37: Mind Resistance | H37: Mind Resistance | I37: 1 | J37: 1 | K37: 1 | L37: 1 | M37: 1 | N37: 1 | O37: 1 | P37: 1 | Q37: Yes | R37: 1 - Ctx.GetOrCalculateStat(Stat.MindResistanceValue) | S37: Derived
A38: Movement Speed | B38: MaxMoveSpeed | C38: Increases the maximum movement speed of the character. | D38: 11 | E38: 11 | I38: 11 | J38: 11 | K38: 11 | L38: 11 | M38: 11 | N38: 11 | O38: 11 | P38: 11 | Q38: Yes | R38: 11 | S38: Derived
A39: Panic Multiplier | B39: BasePanicMultiplier | C39: Increases Panic inflicted by your abilities | D39: (1 + Command * 0.01) | E39: 1 | F39: Command | I39: 1.1 | J39: 1.12 | K39: 1.13 | L39: 1.14 | M39: 1.5 | N39: 1.52 | O39: 1.53 | P39: 1.54 | Q39: Yes | R39: (float) (1 + Ctx.GetOrCalculateStat(Stat.Command) * 0.01) | S39: Derived
A40: Panic Rating Decay | B40: PanicDecay | C40: Increase the rate at which accumulated Panic is decreased. | D40: -5 | E40: -5 | I40: -5 | J40: -5 | K40: -5 | L40: -5 | M40: -5 | N40: -5 | O40: -5 | P40: -5 | Q40: Yes | R40: -5 | S40: Derived
A41: Panic Resistance | B41: PanicResistanceValue | C41: Reduces the amount of Panic inflicted on you | D41: (Will * 0.005) | E41: 0 | F41: Will | I41: 0.05 | J41: 0.06 | K41: 0.065 | L41: 0.07 | M41: 0.25 | N41: 0.26 | O41: 0.265 | P41: 0.27 | Q41: Yes | R41: (float) (Ctx.GetOrCalculateStat(Stat.Will) * 0.005) | S41: Derived
A42: Panic Resistance Multiplier | B42: PanicResistanceMultiplier | C42: Multiplier for Panic inflicted on you | D42: 1 - PanicResistanceValue | E42: 1 | F42: Will | G42: Panic Resistance | H42: Panic Resistance | I42: 0.95 | J42: 0.94 | K42: 0.935 | L42: 0.93 | M42: 0.75 | N42: 0.74 | O42: 0.735 | P42: 0.73 | Q42: Yes | R42: 1 - Ctx.GetOrCalculateStat(Stat.PanicResistanceValue) | S42: Derived
A43: Participation Max Value | B43: ParticipationMax | C43: Standard maximum number of points you can accrue for participation | D43: 10000000 | E43: 10000000 | I43: 10000000 | J43: 10000000 | K43: 10000000 | L43: 10000000 | M43: 10000000 | N43: 10000000 | O43: 10000000 | P43: 10000000 | Q43: Yes | R43: 10000000 | S43: Derived
A44: Percent Max | B44: PercentMax | C44: Standard Maximum of 100 | D44: 100 | E44: 100 | I44: 100 | J44: 100 | K44: 100 | L44: 100 | M44: 100 | N44: 100 | O44: 100 | P44: 100 | Q44: Yes | R44: 100 | S44: Derived
A45: Physical Armor Multiplier | B45: PhysicalArmorMultiplier | C45: Multiplier for physical damage from armor | D45: 1 - (0.003 * PhysicalArmorRating) / (1 + 0.003 * PhysicalArmorRating) | E45: 1 | G45: Physical Armor Rating | H45: Physical Armor Rating | I45: 1 | J45: 1 | K45: 1 | L45: 1 | M45: 1 | N45: 1 | O45: 1 | P45: 1 | Q45: Yes | R45: 1 - (0.003f * Ctx.GetOrCalculateStat(Stat.PhysicalArmorRating)) / (1 + 0.003f * Ctx.GetOrCalculateStat(Stat.PhysicalArmorRating)) | S45: Derived
A46: Piercing Resistance Multiplier | B46: PiercingResistanceMultiplier | C46: Multiplier for piercing damage from resistance | D46: 1 - PiercingResistanceValue | E46: 1 | G46: Piercing Resistance | H46: Piercing Resistance | I46: 1 | J46: 1 | K46: 1 | L46: 1 | M46: 1 | N46: 1 | O46: 1 | P46: 1 | Q46: Yes | R46: 1 - Ctx.GetOrCalculateStat(Stat.PiercingResistanceValue) | S46: Derived
A47: Shadow Resistance Multiplier | B47: ShadowResistanceMultiplier | C47: Multiplier for shadow damage from resistance | D47: 1 - ShadowResistanceValue | E47: 1 | G47: Shadow Resistance | H47: Shadow Resistance | I47: 1 | J47: 1 | K47: 1 | L47: 1 | M47: 1 | N47: 1 | O47: 1 | P47: 1 | Q47: Yes | R47: 1 - Ctx.GetOrCalculateStat(Stat.ShadowResistanceValue) | S47: Derived
A48: Slashing Resistance Multiplier | B48: SlashingResistanceMultiplier | C48: Multiplier for slashing damage from resistance | D48: 1 - SlashingResistanceValue | E48: 1 | G48: Slashing Resistance | H48: Slashing Resistance | I48: 1 | J48: 1 | K48: 1 | L48: 1 | M48: 1 | N48: 1 | O48: 1 | P48: 1 | Q48: Yes | R48: 1 - Ctx.GetOrCalculateStat(Stat.SlashingResistanceValue) | S48: Derived
A49: Spell Damage Multiplier | B49: BaseSpellDamageMultiplier | C49: Increases damage with Spell abilities | D49: (1 + Attunement * 0.01) | E49: 1 | F49: Attunement | I49: 1.1 | J49: 1.12 | K49: 1.13 | L49: 1.14 | M49: 1.5 | N49: 1.52 | O49: 1.53 | P49: 1.54 | Q49: Yes | R49: (float) (1 + Ctx.GetOrCalculateStat(Stat.Attunement) * 0.01) | S49: Derived
A50: Spirit Resistance Multiplier | B50: SpiritResistanceMultiplier | C50: Multiplier for spirit damage from resistance | D50: 1 - SpiritResistanceValue | E50: 1 | G50: Spirit Resistance | H50: Spirit Resistance | I50: 1 | J50: 1 | K50: 1 | L50: 1 | M50: 1 | N50: 1 | O50: 1 | P50: 1 | Q50: Yes | R50: 1 - Ctx.GetOrCalculateStat(Stat.SpiritResistanceValue) | S50: Derived
A51: Veil Resistance | B51: VeilResistance | C51: Reduces the cost of remaining in the Veil | D51: (1 - Command * 0.005) | E51: 1 | F51: Command | I51: 0.95 | J51: 0.94 | K51: 0.935 | L51: 0.93 | M51: 0.75 | N51: 0.74 | O51: 0.735 | P51: 0.73 | Q51: Yes | R51: (float) (1 - Ctx.GetOrCalculateStat(Stat.Command) * 0.005) | S51: Derived
A52: Void Resistance Multiplier | B52: VoidResistanceMultiplier | C52: Multiplier for void damage from resistance | D52: 1 - VoidResistanceValue | E52: 1 | G52: Void Resistance | H52: Void Resistance | I52: 1 | J52: 1 | K52: 1 | L52: 1 | M52: 1 | N52: 1 | O52: 1 | P52: 1 | Q52: Yes | R52: 1 - Ctx.GetOrCalculateStat(Stat.VoidResistanceValue) | S52: Derived
A53: Weapon Damage Multiplier | B53: BaseWeaponDamageMultiplier | C53: Increases damage with Weaponskill abilities | D53: (1 + Strength * 0.01) | E53: 1 | F53: Strength | I53: 1.1 | J53: 1.12 | K53: 1.13 | L53: 1.14 | M53: 1.5 | N53: 1.52 | O53: 1.53 | P53: 1.54 | Q53: Yes | R53: (float) (1 + Ctx.GetOrCalculateStat(Stat.Strength) * 0.01) | S53: Derived
A54: Arcane Resistance | B54: ArcaneResistanceValue | C54: Amount to resist arcane damage | D54: 0 | E54: 0 | I54: 0 | J54: 0 | K54: 0 | L54: 0 | M54: 0 | N54: 0 | O54: 0 | P54: 0 | R54: 0 | S54: Hidden
A55: Base Block Value | B55: BaseBlockValue | C55: Base Block Value from flat sources | D55: 0 | E55: 0 | I55: 0 | J55: 0 | K55: 0 | L55: 0 | M55: 0 | N55: 0 | O55: 0 | P55: 0 | R55: 0 | S55: Hidden
A56: Base Evasion Chance | B56: BaseEvasionChance | C56: Base Evasion Chance from Dexterity and flat sources | D56: (Dexterity * 0.002) | E56: 0 | F56: Dexterity | I56: 0.02 | J56: 0.024 | K56: 0.026 | L56: 0.028 | M56: 0.1 | N56: 0.104 | O56: 0.106 | P56: 0.108 | R56: (float) (Ctx.GetOrCalculateStat(Stat.Dexterity) * 0.002) | S56: Hidden
A57: Base Guts | B57: BaseGutsValue | C57: Base Guts from minimum plus flat sources | D57: 0.1 | E57: 0.1 | I57: 0.1 | J57: 0.1 | K57: 0.1 | L57: 0.1 | M57: 0.1 | N57: 0.1 | O57: 0.1 | P57: 0.1 | R57: 0.1 | S57: Hidden
A58: Base Guts Threshold | B58: BaseGutsThreshold | C58: Base Guts Threshold from minimum plus flat sources | D58: 0.1 | E58: 0.1 | I58: 0.1 | J58: 0.1 | K58: 0.1 | L58: 0.1 | M58: 0.1 | N58: 0.1 | O58: 0.1 | P58: 0.1 | R58: 0.1 | S58: Hidden
A59: Block Cooldown | B59: BlockCooldown | C59: Initiated after a block is triggered, cannot block until cooldown is finished | D59: (4 * (1 - (BlockCooldownReduction))) | E59: 4 | F59: Dexterity | G59: Block Cooldown Reduction | H59: Block Cooldown Reduction | I59: 3.6 | J59: 3.52 | K59: 3.48 | L59: 3.44 | M59: 2 | N59: 1.92 | O59: 1.88 | P59: 1.84 | R59: (float) (4 * (1 - (Ctx.GetOrCalculateStat(Stat.BlockCooldownReduction)))) | S59: Hidden
A60: Block Cooldown Reduction | B60: BlockCooldownReduction | C60: Reduces Block CD | D60: (Dexterity * 0.01) | E60: 0 | F60: Dexterity | I60: 0.1 | J60: 0.12 | K60: 0.13 | L60: 0.14 | M60: 0.5 | N60: 0.52 | O60: 0.53 | P60: 0.54 | R60: (float) (Ctx.GetOrCalculateStat(Stat.Dexterity) * 0.01) | S60: Hidden
A61: Block Value | B61: BlockValue | C61: Serves as the threshold to trigger a block and the amount of damage blocked | D61: (BaseBlockValue * (1 + BlockValueIncrease)) | E61: 0 | F61: Endurance | G61: Base Block Value, Block Value Increase | H61: Base Block Value, Block Value Increase | I61: 0 | J61: 0 | K61: 0 | L61: 0 | M61: 0 | N61: 0 | O61: 0 | P61: 0 | R61: (float) (Ctx.GetOrCalculateStat(Stat.BaseBlockValue) * (1 + Ctx.GetOrCalculateStat(Stat.BlockValueIncrease))) | S61: Hidden
A62: Block Value Increase | B62: BlockValueIncrease | C62: Multiplier on Base Block Value | D62: (Endurance * 0.01) | E62: 0 | F62: Endurance | I62: 0.1 | J62: 0.12 | K62: 0.13 | L62: 0.14 | M62: 0.5 | N62: 0.52 | O62: 0.53 | P62: 0.54 | R62: (float) (Ctx.GetOrCalculateStat(Stat.Endurance) * 0.01) | S62: Hidden
A63: Chaos Resistance | B63: ChaosResistanceValue | C63: Amount to resist chaos damage | D63: 0 | E63: 0 | I63: 0 | J63: 0 | K63: 0 | L63: 0 | M63: 0 | N63: 0 | O63: 0 | P63: 0 | R63: 0 | S63: Hidden
A64: Cooldown Speed | B64: CooldownSpeed | D64: 1 | E64: 1 | I64: 1 | J64: 1 | K64: 1 | L64: 1 | M64: 1 | N64: 1 | O64: 1 | P64: 1 | R64: 1 | S64: Hidden
A65: Courage Degeneration | B65: CourageDegeneration | C65: The rate at which Courage decays over time | D65: -10 * (100 / Spirit) | E65: div/0 | F65: Spirit | I65: -100 | J65: -83.333333 | K65: -76.923077 | L65: -71.428571 | M65: -20 | N65: -19.230769 | O65: -18.867925 | P65: -18.518519 | R65: -10 * (100 / Ctx.GetOrCalculateStat(Stat.Spirit)) | S65: Hidden
A66: Courage Gain Multiplier | B66: CourageGainMultiplier | C66: Increases the amount of Courage gained from abilities and effects | D66: (1 + Spirit * 0.005) | E66: 1 | F66: Spirit | I66: 1.05 | J66: 1.06 | K66: 1.065 | L66: 1.07 | M66: 1.25 | N66: 1.26 | O66: 1.265 | P66: 1.27 | R66: (float) (1 + Ctx.GetOrCalculateStat(Stat.Spirit) * 0.005) | S66: Hidden
A67: Critical Hit Multiplier | B67: CriticalDamageMultiplier | C67: Fraction more damage | D67: 1.25 | E67: 1.25 | I67: 1.25 | J67: 1.25 | K67: 1.25 | L67: 1.25 | M67: 1.25 | N67: 1.25 | O67: 1.25 | P67: 1.25 | R67: 1.25 | S67: Hidden
A68: Critical Hit Rating | B68: CriticalHitRating | C68: Basis for Critical Hit Chance | D68: 10 | E68: 10 | I68: 10 | J68: 10 | K68: 10 | L68: 10 | M68: 10 | N68: 10 | O68: 10 | P68: 10 | R68: 10 | S68: Hidden
A69: Crushing Resistance | B69: CrushingResistanceValue | C69: Amount to resist crushing damage | D69: 0 | E69: 0 | I69: 0 | J69: 0 | K69: 0 | L69: 0 | M69: 0 | N69: 0 | O69: 0 | P69: 0 | R69: 0 | S69: Hidden
A70: Determination Regeneration | B70: DeterminationRegeneration | C70: The rate at which Determination recovers over time | D70: 20 * (Spirit / 100) | E70: 0 | F70: Spirit | I70: 2 | J70: 2.4 | K70: 2.6 | L70: 2.8 | M70: 10 | N70: 10.4 | O70: 10.6 | P70: 10.8 | R70: 20 * (Ctx.GetOrCalculateStat(Stat.Spirit) / 100) | S70: Hidden
A71: Earth Resistance | B71: EarthResistanceValue | C71: Amount to resist earth damage | D71: 0 | E71: 0 | I71: 0 | J71: 0 | K71: 0 | L71: 0 | M71: 0 | N71: 0 | O71: 0 | P71: 0 | R71: 0 | S71: Hidden
A72: Evasion Chance | B72: EvasionChance | C72: Chance for damage to be evaded | D72: (BaseEvasionChance * (1 + EvasionChanceIncrease)) | E72: 0 | F72: Dexterity | G72: Base Evasion Chance, Evasion Chance Increase | H72: Base Evasion Chance, Evasion Chance Increase | I72: 0.022 | J72: 0.02688 | K72: 0.02938 | L72: 0.03192 | M72: 0.15 | N72: 0.15808 | O72: 0.16218 | P72: 0.16632 | R72: (float) (Ctx.GetOrCalculateStat(Stat.BaseEvasionChance) * (1 + Ctx.GetOrCalculateStat(Stat.EvasionChanceIncrease))) | S72: Hidden
A73: Evasion Chance Increase | B73: EvasionChanceIncrease | C73: Multiplier on Base Evasion Chance | D73: (Dexterity * 0.01) | E73: 0 | F73: Dexterity | I73: 0.1 | J73: 0.12 | K73: 0.13 | L73: 0.14 | M73: 0.5 | N73: 0.52 | O73: 0.53 | P73: 0.54 | R73: (float) (Ctx.GetOrCalculateStat(Stat.Dexterity) * 0.01) | S73: Hidden
A74: Evasion Multiplier | B74: EvasionMultiplier | C74: Multiplier for damage when damage is evaded | D74: 0 | E74: 0 | I74: 0 | J74: 0 | K74: 0 | L74: 0 | M74: 0 | N74: 0 | O74: 0 | P74: 0 | R74: 0 | S74: Hidden
A75: Faith Regeneration | B75: FaithRegeneration | C75: The rate at which Faith recovers over time | D75: (BaseFaithRegeneration * (1 + FaithRegenerationIncrease)) | E75: 10 | F75: Spirit | G75: Base Faith Regeneration, Faith Regeneration Increase | H75: Base Faith Regeneration, Faith Regeneration Increase | I75: 13 | J75: 13.6 | K75: 13.9 | L75: 14.2 | M75: 25 | N75: 25.6 | O75: 25.9 | P75: 26.2 | R75: (float) (Ctx.GetOrCalculateStat(Stat.BaseFaithRegeneration) * (1 + Ctx.GetOrCalculateStat(Stat.FaithRegenerationIncrease))) | S75: Hidden
A76: Fire Resistance | B76: FireResistanceValue | C76: Amount to resist fire damage | D76: 0 | E76: 0 | I76: 0 | J76: 0 | K76: 0 | L76: 0 | M76: 0 | N76: 0 | O76: 0 | P76: 0 | R76: 0 | S76: Hidden
A77: Focus Regeneration | B77: FocusRegeneration | C77: The rate at which Focus recovers over time | D77: (0.1 + Spirit * 0.005) | E77: 0.1 | F77: Spirit | I77: 0.15 | J77: 0.16 | K77: 0.165 | L77: 0.17 | M77: 0.35 | N77: 0.36 | O77: 0.365 | P77: 0.37 | R77: (float) (0.1 + Ctx.GetOrCalculateStat(Stat.Spirit) * 0.005) | S77: Hidden
A78: Guts Increase | B78: GutsValueIncrease | C78: Multiplier on Base Guts Value | D78: (Endurance * 0.005) | E78: 0 | F78: Endurance | I78: 0.05 | J78: 0.06 | K78: 0.065 | L78: 0.07 | M78: 0.25 | N78: 0.26 | O78: 0.265 | P78: 0.27 | R78: (float) (Ctx.GetOrCalculateStat(Stat.Endurance) * 0.005) | S78: Hidden
A79: Guts Multiplier | B79: GutsMultiplier | C79: Multiplier for damage below the Guts Threshold | D79: 1 - GutsValue | E79: 0.9 | F79: Endurance | G79: Guts Value | H79: Base Guts, Guts Increase, Guts Value | I79: 0.895 | J79: 0.894 | K79: 0.8935 | L79: 0.893 | M79: 0.875 | N79: 0.874 | O79: 0.8735 | P79: 0.873 | R79: 1 - Ctx.GetOrCalculateStat(Stat.GutsValue) | S79: Hidden
A80: Guts Threshold | B80: GutsThreshold | C80: Percent of Max Health below which Guts reduces damage taken | D80: (BaseGutsThreshold * (1 + GutsThresholdIncrease)) | E80: 0.1 | F80: Endurance | G80: Base Guts Threshold, Guts Threshold Increase | H80: Base Guts Threshold, Guts Threshold Increase | I80: 0.11 | J80: 0.112 | K80: 0.113 | L80: 0.114 | M80: 0.15 | N80: 0.152 | O80: 0.153 | P80: 0.154 | R80: (float) (Ctx.GetOrCalculateStat(Stat.BaseGutsThreshold) * (1 + Ctx.GetOrCalculateStat(Stat.GutsThresholdIncrease))) | S80: Hidden
A81: Guts Threshold Increase | B81: GutsThresholdIncrease | C81: Multiplier on Base Guts Threshold | D81: (Endurance * 0.01) | E81: 0 | F81: Endurance | I81: 0.1 | J81: 0.12 | K81: 0.13 | L81: 0.14 | M81: 0.5 | N81: 0.52 | O81: 0.53 | P81: 0.54 | R81: (float) (Ctx.GetOrCalculateStat(Stat.Endurance) * 0.01) | S81: Hidden
A82: Guts Value | B82: GutsValue | C82: Damage reduction while below Guts Threshold | D82: (BaseGutsValue * (1 + GutsValueIncrease)) | E82: 0.1 | F82: Endurance | G82: Base Guts, Guts Increase | H82: Base Guts, Guts Increase | I82: 0.105 | J82: 0.106 | K82: 0.1065 | L82: 0.107 | M82: 0.125 | N82: 0.126 | O82: 0.1265 | P82: 0.127 | R82: (float) (Ctx.GetOrCalculateStat(Stat.BaseGutsValue) * (1 + Ctx.GetOrCalculateStat(Stat.GutsValueIncrease))) | S82: Hidden
A83: Judgement Degeneration | B83: JudgementDegeneration | C83: The rate at which Judgement decays over time | D83: -3 * (100 / Spirit) | E83: div/0 | F83: Spirit | I83: -30 | J83: -25 | K83: -23.076923 | L83: -21.428571 | M83: -6 | N83: -5.769231 | O83: -5.660377 | P83: -5.555556 | R83: -3 * (100 / Ctx.GetOrCalculateStat(Stat.Spirit)) | S83: Hidden
A84: Judgement Gain Multiplier | B84: JudgementGainMultiplier | C84: Increases the amount of Judgement gained from abilities and effects | D84: (1 + Spirit * 0.005) | E84: 1 | F84: Spirit | I84: 1.05 | J84: 1.06 | K84: 1.065 | L84: 1.07 | M84: 1.25 | N84: 1.26 | O84: 1.265 | P84: 1.27 | R84: (float) (1 + Ctx.GetOrCalculateStat(Stat.Spirit) * 0.005) | S84: Hidden
A85: Lightning Resistance | B85: LightningResistanceValue | C85: Amount to resist lightning damage | D85: 0 | E85: 0 | I85: 0 | J85: 0 | K85: 0 | L85: 0 | M85: 0 | N85: 0 | O85: 0 | P85: 0 | R85: 0 | S85: Hidden
A86: Magic Armor Rating | B86: MagicArmorRating | C86: Value used to determine MagicArmorMultiplier, sourced from target equipment, stats | D86: 0 | E86: 0 | I86: 0 | J86: 0 | K86: 0 | L86: 0 | M86: 0 | N86: 0 | O86: 0 | P86: 0 | R86: 0 | S86: Hidden
A87: Mana Regeneration | B87: ManaRegeneration | C87: The rate at which Mana recovers over time | D87: (BaseManaRegeneration * (1 + ManaRegenerationIncrease)) | E87: 10 | F87: Spirit | G87: Base Mana Regeneration, Mana Regeneration Increase | H87: Base Mana Regeneration, Base Maximum Mana, Mana Regeneration Increase, Max Mana, Maximum Mana Increase | I87: 17.28 | J87: 19.06624 | K87: 20.00376 | L87: 20.97152 | M87: 80 | N87: 84.89664 | O87: 87.41816 | P87: 89.98912 | R87: (float) (Ctx.GetOrCalculateStat(Stat.BaseManaRegeneration) * (1 + Ctx.GetOrCalculateStat(Stat.ManaRegenerationIncrease))) | S87: Hidden
A88: Max Courage | B88: MaxCourage | C88: The max value of Courage resource | D88: 1000 | E88: 1000 | I88: 1000 | J88: 1000 | K88: 1000 | L88: 1000 | M88: 1000 | N88: 1000 | O88: 1000 | P88: 1000 | R88: 1000 | S88: Hidden
A89: Max Determination | B89: MaxDetermination | C89: The max value of Determination resource | D89: 1000 | E89: 1000 | I89: 1000 | J89: 1000 | K89: 1000 | L89: 1000 | M89: 1000 | N89: 1000 | O89: 1000 | P89: 1000 | R89: 1000 | S89: Hidden
A90: Max Faith | B90: MaxFaith | C90: The max value of Faith resource | D90: 1000 | E90: 1000 | I90: 1000 | J90: 1000 | K90: 1000 | L90: 1000 | M90: 1000 | N90: 1000 | O90: 1000 | P90: 1000 | R90: 1000 | S90: Hidden
A91: Max Focus | B91: MaxFocus | C91: The max value of Focus resource | D91: 1000 | E91: 1000 | I91: 1000 | J91: 1000 | K91: 1000 | L91: 1000 | M91: 1000 | N91: 1000 | O91: 1000 | P91: 1000 | R91: 1000 | S91: Hidden
A92: Max Judgement | B92: MaxJudgement | C92: The max value of Judgement resource | D92: 1000 | E92: 1000 | I92: 1000 | J92: 1000 | K92: 1000 | L92: 1000 | M92: 1000 | N92: 1000 | O92: 1000 | P92: 1000 | R92: 1000 | S92: Hidden
A93: Max Mana | B93: MaxMana | C93: Maximum Mana value | D93: (BaseMaxMana * (1 + MaxManaIncrease)) | E93: 5000 | F93: Spirit | G93: Base Maximum Mana, Maximum Mana Increase | H93: Base Maximum Mana, Maximum Mana Increase | I93: 7200 | J93: 7688 | K93: 7938 | L93: 8192 | M93: 20000 | N93: 20808 | O93: 21218 | P93: 21632 | R93: (float) (Ctx.GetOrCalculateStat(Stat.BaseMaxMana) * (1 + Ctx.GetOrCalculateStat(Stat.MaxManaIncrease))) | S93: Hidden
A94: Max Turn Speed | B94: MaxTurnSpeed | D94: 20.1 | E94: 20.1 | I94: 20.1 | J94: 20.1 | K94: 20.1 | L94: 20.1 | M94: 20.1 | N94: 20.1 | O94: 20.1 | P94: 20.1 | R94: 20.1 | S94: Hidden
A95: Mind Resistance | B95: MindResistanceValue | C95: Amount to resist mind damage | D95: 0 | E95: 0 | I95: 0 | J95: 0 | K95: 0 | L95: 0 | M95: 0 | N95: 0 | O95: 0 | P95: 0 | R95: 0 | S95: Hidden
A96: Move Acceleration | B96: MoveAcceleration | D96: 60 | E96: 60 | I96: 60 | J96: 60 | K96: 60 | L96: 60 | M96: 60 | N96: 60 | O96: 60 | P96: 60 | R96: 60 | S96: Hidden
A97: Parry Chance | B97: ParryChance | C97: Chance for damage to be parried | D97: 0.05 | E97: 0.05 | I97: 0.05 | J97: 0.05 | K97: 0.05 | L97: 0.05 | M97: 0.05 | N97: 0.05 | O97: 0.05 | P97: 0.05 | R97: 0.05 | S97: Hidden
A98: Parry Multiplier | B98: ParryMultiplier | C98: Multiplier for damage when damage is parried | D98: 0 | E98: 0 | I98: 0 | J98: 0 | K98: 0 | L98: 0 | M98: 0 | N98: 0 | O98: 0 | P98: 0 | R98: 0 | S98: Hidden
A99: Physical Armor Rating | B99: PhysicalArmorRating | C99: Value used to determine PhysicalArmorMultiplier, sourced from target equipment, stats | D99: 0 | E99: 0 | I99: 0 | J99: 0 | K99: 0 | L99: 0 | M99: 0 | N99: 0 | O99: 0 | P99: 0 | R99: 0 | S99: Hidden
A100: Piercing Resistance | B100: PiercingResistanceValue | C100: Amount to resist piercing damage | D100: 0 | E100: 0 | I100: 0 | J100: 0 | K100: 0 | L100: 0 | M100: 0 | N100: 0 | O100: 0 | P100: 0 | R100: 0 | S100: Hidden
...

Sheet Race Data
A1: Race ID | B1: Display Name | C1: Faction | D1: Attunement | E1: Command | F1: Conviction | G1: Dexterity | H1: Endurance | I1: Spirit | J1: Strength | K1: Vitality | L1: Will
A2: CaitSith | B2: Cait Sith (Arthurian) | C2: Arthurian | D2: 0 | E2: 0 | F2: 0 | G2: 0 | H2: 0 | I2: 0 | J2: 0 | K2: 0 | L2: 0
A3: Dvergr | B3: Dvergr (Viking) | C3: Viking | D3: 0 | E3: 0 | F3: 0 | G3: 0 | H3: 0 | I3: 0 | J3: 0 | K3: 4 | L3: 3
A4: Firbog | B4: Firbog (TDD) | C4: TDD | D4: 0 | E4: 0 | F4: 0 | G4: 0 | H4: 3 | I4: 4 | J4: 0 | K4: 0 | L4: 0
A5: Golem | B5: Golem (Arthurian) | C5: Arthurian | D5: 0 | E5: 0 | F5: 3 | G5: 0 | H5: 4 | I5: 0 | J5: 0 | K5: 0 | L5: 0
A6: Hamadryad | B6: Hamadryad (TDD) | C6: TDD | D6: 0 | E6: 0 | F6: 0 | G6: 0 | H6: 0 | I6: 0 | J6: 0 | K6: 0 | L6: 0
A7: HumanMaleA | B7: HumanMaleA (Arthurian) | C7: Arthurian | D7: 2 | E7: 2 | F7: 2 | G7: 2 | H7: 2 | I7: 2 | J7: 2 | K7: 2 | L7: 2
A8: HumanMaleT | B8: HumanMaleT (TDD) | C8: TDD | D8: 2 | E8: 2 | F8: 2 | G8: 2 | H8: 2 | I8: 2 | J8: 2 | K8: 2 | L8: 2
A9: HumanMaleV | B9: HumanMaleV (Viking) | C9: Viking | D9: 2 | E9: 2 | F9: 2 | G9: 2 | H9: 2 | I9: 2 | J9: 2 | K9: 2 | L9: 2
A10: Jotnar | B10: Jotnar (Viking) | C10: Viking | D10: 0 | E10: 0 | F10: 0 | G10: 0 | H10: 3 | I10: 0 | J10: 4 | K10: 0 | L10: 0
A11: Luchorpan | B11: Luchorpan (TDD) | C11: TDD | D11: 0 | E11: 0 | F11: 3 | G11: 4 | H11: 0 | I11: 0 | J11: 0 | K11: 0 | L11: 0
A12: Pict | B12: Pict (Arthurian) | C12: Arthurian | D12: 0 | E12: 0 | F12: 0 | G12: 0 | H12: 0 | I12: 0 | J12: 0 | K12: 0 | L12: 0
A13: Strm | B13: St'rm (Arthurian) | C13: Arthurian | D13: 0 | E13: 0 | F13: 0 | G13: 0 | H13: 0 | I13: 0 | J13: 0 | K13: 0 | L13: 0
... A15: Valkyrie | B15: Valkyrie (Viking) | C15: Viking | D15: 0 | E15: 0 | F15: 0 | G15: 0 | H15: 0 | I15: 0 | J15: 0 | K15: 0 | L15: 0

Sheet Creation Calculator
A1: CU Character Stat Calculator
A2: Race | B2: Cait Sith (Arthurian)
A3: Points Allocated | C3: =SUM(C6:C14) -> 0 | D3: Points Remaining | E3: =130-C3 -> 130
A5: Stat | B5: Base | C5: Allocated | D5: Racial Bonus | E5: Total
A6: Attunement | B6: 10 | C6: 0 | D6: =IFERROR(SUMPRODUCT(('Race Data'!B$2:B$50=B$2)*('Race Data'!D$2:D$50)),0) -> 0 | E6: =B6+C6+D6 -> 10
A7: Command | B7: 10 | C7: 0 | D7: =IFERROR(SUMPRODUCT(('Race Data'!B$2:B$50=B$2)*('Race Data'!E$2:E$50)),0) -> 0 | E7: =B7+C7+D7 -> 10
A8: Conviction | B8: 10 | C8: 0 | D8: =IFERROR(SUMPRODUCT(('Race Data'!B$2:B$50=B$2)*('Race Data'!F$2:F$50)),0) -> 0 | E8: =B8+C8+D8 -> 10
A9: Dexterity | B9: 10 | C9: 0 | D9: =IFERROR(SUMPRODUCT(('Race Data'!B$2:B$50=B$2)*('Race Data'!G$2:G$50)),0) -> 0 | E9: =B9+C9+D9 -> 10
A10: Endurance | B10: 10 | C10: 0 | D10: =IFERROR(SUMPRODUCT(('Race Data'!B$2:B$50=B$2)*('Race Data'!H$2:H$50)),0) -> 0 | E10: =B10+C10+D10 -> 10
A11: Spirit | B11: 10 | C11: 0 | D11: =IFERROR(SUMPRODUCT(('Race Data'!B$2:B$50=B$2)*('Race Data'!I$2:I$50)),0) -> 0 | E11: =B11+C11+D11 -> 10
A12: Strength | B12: 10 | C12: 0 | D12: =IFERROR(SUMPRODUCT(('Race Data'!B$2:B$50=B$2)*('Race Data'!J$2:J$50)),0) -> 0 | E12: =B12+C12+D12 -> 10
A13: Vitality | B13: 10 | C13: 0 | D13: =IFERROR(SUMPRODUCT(('Race Data'!B$2:B$50=B$2)*('Race Data'!K$2:K$50)),0) -> 0 | E13: =B13+C13+D13 -> 10
A14: Will | B14: 10 | C14: 0 | D14: =IFERROR(SUMPRODUCT(('Race Data'!B$2:B$50=B$2)*('Race Data'!L$2:L$50)),0) -> 0 | E14: =B14+C14+D14 -> 10
A16: Stat Name | B16: Stat ID | C16: Type | D16: Abbreviated Formula | E16: Value
A17: Spirit | B17: Spirit | C17: Primary | D17: 0 | E17: =E11 -> 10
A18: Faith Regeneration Increase | B18: FaithRegenerationIncrease | C18: Derived | D18: (Spirit * 0.03) | E18: =(E11 * 0.03) -> 0.3
A19: Attunement | B19: Attunement | C19: Primary | D19: 0 | E19: =E6 -> 10
A20: Endurance | B20: Endurance | C20: Primary | D20: 0 | E20: =E10 -> 10
A21: Guts Threshold Increase | B21: GutsThresholdIncrease | C21: Hidden | D21: (Endurance * 0.01) | E21: =(E10 * 0.01) -> 0.1
A22: Maximum Prospecting Fragility | B22: ProspectingFragilityMax | C22: Derived | D22: 100 | E22: =100 -> 100
A23: Shadow Resistance | B23: ShadowResistanceValue | C23: Hidden | D23: 0 | E23: =0 -> 0
A24: Size Modifier | B24: SizeModifier | C24: Hidden | E24: =
A25: Panic Rating Decay | B25: PanicDecay | C25: Derived | D25: -5 | E25: =-5 -> -5
A26: Spirit Resistance | B26: SpiritResistanceValue | C26: Hidden | D26: 0 | E26: =0 -> 0
A27: Spirit Resistance Multiplier | B27: SpiritResistanceMultiplier | C27: Derived | D27: 1 - SpiritResistanceValue | E27: =1 - E26 -> 1
A28: Vitality | B28: Vitality | C28: Primary | D28: 0 | E28: =E13 -> 10
A29: Base Maximum Health | B29: BaseMaxHP | C29: Derived | D29: 5000 + 100 * Vitality | E29: =5000 + 100 * E13 -> 6000
A30: Maximum Health Increase | B30: MaxHPIncrease | C30: Derived | D30: (Vitality * 0.02) | E30: =(E13 * 0.02) -> 0.2
A31: Maximum Health | B31: MaxHP | C31: Derived | D31: (BaseMaxHP * (1 + MaxHPIncrease)) | E31: =(E29 * (1 + E30)) -> 7200
A32: Maximum Shield | B32: MaxShield | C32: Derived | D32: MaxHP / 2 | E32: =E31 / 2 -> 3600
A33: Maximum Combined Health | B33: MaxCombinedHealth | C33: Derived | D33: MaxHP + MaxShield | E33: =E31 + E32 -> 10800
A34: StatName_ControlRegenViking | B34: ControlRegenViking | C34: Hidden | E34: =
A35: Conviction | B35: Conviction | C35: Primary | D35: 0 | E35: =E8 -> 10
A36: Buff Duration | B36: BuffDurationMultiplier | C36: Derived | D36: (1 + Conviction * 0.005) | E36: =(1 + E8 * 0.005) -> 1.05
A37: Critical Hit Multiplier | B37: CriticalDamageMultiplier | C37: Hidden | D37: 1.25 | E37: =1.25 -> 1.25
A38: Percent Max | B38: PercentMax | C38: Derived | D38: 100 | E38: =100 -> 100
A39: Health Regeneration Increase | B39: HealthRegenerationIncrease | C39: Derived | D39: (Vitality * 0.02) | E39: =(E13 * 0.02) -> 0.2
A40: Base Health Regeneration | B40: BaseHealthRegeneration | C40: Derived | D40: MaxHP / 150 | E40: =E31 / 150 -> 48
A41: Health Regeneration | B41: HealthRegeneration | C41: Derived | D41: (BaseHealthRegeneration * (1 + HealthRegenerationIncrease)) | E41: =(E40 * (1 + E39)) -> 57.6
A42: Health Regeneration | B42: CombinedHealthRegeneration | C42: Derived | D42: HealthRegeneration | E42: =E41 -> 57.6
A43: StatName_Weaponsmithing | B43: WeaponsmithingSkill | C43: Hidden | E43: =
A44: StatName_ControlRegenTDD | B44: ControlRegenTDD | C44: Hidden | E44: =
A45: StatName_Leatherworking | B45: LeatherworkingSkill | C45: Hidden | E45: =
A46: StatName_Woodworking | B46: WoodworkingSkill | C46: Hidden | E46: =
A47: Maximum Mana Increase | B47: MaxManaIncrease | C47: Derived | D47: (Spirit * 0.02) | E47: =(E11 * 0.02) -> 0.2
A48: Base Maximum Mana | B48: BaseMaxMana | C48: Derived | D48: 5000 + 100 * Spirit | E48: =5000 + 100 * E11 -> 6000
A49: Max Mana | B49: MaxMana | C49: Hidden | D49: (BaseMaxMana * (1 + MaxManaIncrease)) | E49: =(E48 * (1 + E47)) -> 7200
A50: Base Mana Regeneration | B50: BaseManaRegeneration | C50: Derived | D50: MaxMana / 500 | E50: =E49 / 500 -> 14.4
A51: StatName_ControlMax | B51: ControlMax | C51: Hidden | E51: =
A52: StatName_ItemMaxHP | B52: ItemMaxHP | C52: Hidden | E52: =
A53: Block Value Increase | B53: BlockValueIncrease | C53: Hidden | D53: (Endurance * 0.01) | E53: =(E10 * 0.01) -> 0.1
A54: Base Guts Threshold | B54: BaseGutsThreshold | C54: Hidden | D54: 0.1 | E54: =0.1 -> 0.1
A55: StatName_Quality | B55: Quality | C55: Hidden | E55: =
A56: Will | B56: Will | C56: Primary | D56: 0 | E56: =E14 -> 10
A57: Panic Resistance | B57: PanicResistanceValue | C57: Derived | D57: (Will * 0.005) | E57: =(E14 * 0.005) -> 0.05
A58: Physical Armor Rating | B58: PhysicalArmorRating | C58: Hidden | D58: 0 | E58: =0 -> 0
A59: Physical Armor Multiplier | B59: PhysicalArmorMultiplier | C59: Derived | D59: 1 - (0.003 * PhysicalArmorRating) / (1 + 0.003 * PhysicalArmorRating) | E59: =1 - (0.003 * E58) / (1 + 0.003 * E58) -> 1
A60: StatName_Tailoring | B60: TailoringSkill | C60: Hidden | E60: =
A61: StatName_MaxRepairPoints | B61: MaxRepairPoints | C61: Hidden | E61: =
A62: StatName_Herbalism | B62: HerbalismSkill | C62: Hidden | E62: =
A63: Mind Resistance | B63: MindResistanceValue | C63: Hidden | D63: 0 | E63: =0 -> 0
A64: StatName_StartingYield | B64: StartingYield | C64: Hidden | E64: =
A65: Max Turn Speed | B65: MaxTurnSpeed | C65: Hidden | D65: 20.1 | E65: =20.1 -> 20.1
A66: Judgement Gain Multiplier | B66: JudgementGainMultiplier | C66: Hidden | D66: (1 + Spirit * 0.005) | E66: =(1 + E11 * 0.005) -> 1.05
A67: StatName_ItemHPRegen | B67: ItemHPRegen | C67: Hidden | E67: =
A68: Guts Increase | B68: GutsValueIncrease | C68: Hidden | D68: (Endurance * 0.005) | E68: =(E10 * 0.005) -> 0.05
A69: Base Guts | B69: BaseGutsValue | C69: Hidden | D69: 0.1 | E69: =0.1 -> 0.1
A70: Guts Value | B70: GutsValue | C70: Hidden | D70: (BaseGutsValue * (1 + GutsValueIncrease)) | E70: =(E69 * (1 + E68)) -> 0.105
A71: Max Judgement | B71: MaxJudgement | C71: Hidden | D71: 1000 | E71: =1000 -> 1000
A72: Mana Regeneration Increase | B72: ManaRegenerationIncrease | C72: Derived | D72: (Spirit * 0.02) | E72: =(E11 * 0.02) -> 0.2
A73: Ability Recovery Speed | B73: AbilityRecoverySpeed | C73: Hidden | E73: =
A74: Command | B74: Command | C74: Primary | D74: 0 | E74: =E7 -> 10
A75: Shadow Resistance Multiplier | B75: ShadowResistanceMultiplier | C75: Derived | D75: 1 - ShadowResistanceValue | E75: =1 - E23 -> 1
A76: Fire Resistance | B76: FireResistanceValue | C76: Hidden | D76: 0 | E76: =0 -> 0
A77: Fire Resistance Multiplier | B77: FireResistanceMultiplier | C77: Derived | D77: 1 - FireResistanceValue | E77: =1 - E76 -> 1
A78: StatName_Cooking | B78: CookingSkill | C78: Hidden | E78: =
A79: Mana Regeneration | B79: ManaRegeneration | C79: Hidden | D79: (BaseManaRegeneration * (1 + ManaRegenerationIncrease)) | E79: =(E50 * (1 + E72)) -> 17.28
A80: Slashing Resistance | B80: SlashingResistanceValue | C80: Hidden | D80: 0 | E80: =0 -> 0
A81: Panic Resistance Multiplier | B81: PanicResistanceMultiplier | C81: Derived | D81: 1 - PanicResistanceValue | E81: =1 - E57 -> 0.95
A82: Move Acceleration | B82: MoveAcceleration | C82: Hidden | D82: 60 | E82: =60 -> 60
A83: Ability Preparation Speed | B83: AbilityPreparationSpeed | C83: Hidden | E83: =
A84: Base Faith Regeneration | B84: BaseFaithRegeneration | C84: Derived | D84: 10 | E84: =10 -> 10
A85: Debuff Duration Reduction | B85: DebuffDurationReduction | C85: Derived | D85: (Endurance * 0.005) | E85: =(E10 * 0.005) -> 0.05
A86: Spell Damage Multiplier | B86: BaseSpellDamageMultiplier | C86: Derived | D86: (1 + Attunement * 0.01) | E86: =(1 + E6 * 0.01) -> 1.1
A87: StatName_Jewelsmithing | B87: JewelsmithingSkill | C87: Hidden | E87: =
A88: Vertical Jump Speed | B88: VerticalJumpSpeed | C88: Hidden | D88: 5.5 | E88: =5.5 -> 5.5
A89: StatName_SigilCastCountMax | B89: SigilCastCountMax | C89: Hidden | E89: =
A90: StatName_YieldMax | B90: YieldMax | C90: Hidden | E90: =
A91: StatName_Hunting | B91: HuntingSkill | C91: Hidden | E91: =
A92: StatName_Logging | B92: LoggingSkill | C92: Hidden | E92: =
A93: StatName_Scale | B93: Scale | C93: Hidden | E93: =
A94: StatName_Mining | B94: MiningSkill | C94: Hidden | E94: =
A95: StatName_Armorsmithing | B95: ArmorsmithingSkill | C95: Hidden | E95: =
A96: StatName_Sawing | B96: SawingSkill | C96: Hidden | E96: =
A97: Movement Speed | B97: MaxMoveSpeed | C97: Derived | D97: 11 | E97: =11 -> 11
A98: Max Faith | B98: MaxFaith | C98: Hidden | D98: 1000 | E98: =1000 -> 1000
A99: Piercing Resistance | B99: PiercingResistanceValue | C99: Hidden | D99: 0 | E99: =0 -> 0
A100: Piercing Resistance Multiplier | B100: PiercingResistanceMultiplier | C100: Derived | D100: 1 - PiercingResistanceValue | E100: =1 - E99 -> 1
A101: Horizontal Jump Speed | B101: HorizontalJumpSpeed | C101: Hidden | E101: =
A102: StatName_XP | B102: XP | C102: Hidden | E102: =
...

Sheet Gear Calculator
A1: CU Character Stat Calculator (with Gear)
A2: Race | B2: Cait Sith (Arthurian)
A3: Points Allocated | C3: =SUM(C6:C14) -> 0 | D3: Points Remaining | E3: =130-C3 -> 130
A5: Stat | B5: Base | C5: Allocated | D5: Racial Bonus | E5: Gear Bonus | F5: Total
A6: Attunement | B6: 10 | C6: 0 | D6: =IFERROR(SUMPRODUCT(('Race Data'!B$2:B$50=B$2)*('Race Data'!D$2:D$50)),0) -> 0 | E6: =SUM(C18:C29) -> 0 | F6: =B6+C6+D6+E6 -> 10
A7: Command | B7: 10 | C7: 0 | D7: =IFERROR(SUMPRODUCT(('Race Data'!B$2:B$50=B$2)*('Race Data'!E$2:E$50)),0) -> 0 | E7: =SUM(D18:D29) -> 0 | F7: =B7+C7+D7+E7 -> 10
A8: Conviction | B8: 10 | C8: 0 | D8: =IFERROR(SUMPRODUCT(('Race Data'!B$2:B$50=B$2)*('Race Data'!F$2:F$50)),0) -> 0 | E8: =SUM(E18:E29) -> 0 | F8: =B8+C8+D8+E8 -> 10
A9: Dexterity | B9: 10 | C9: 0 | D9: =IFERROR(SUMPRODUCT(('Race Data'!B$2:B$50=B$2)*('Race Data'!G$2:G$50)),0) -> 0 | E9: =SUM(F18:F29) -> 0 | F9: =B9+C9+D9+E9 -> 10
A10: Endurance | B10: 10 | C10: 0 | D10: =IFERROR(SUMPRODUCT(('Race Data'!B$2:B$50=B$2)*('Race Data'!H$2:H$50)),0) -> 0 | E10: =SUM(G18:G29) -> 0 | F10: =B10+C10+D10+E10 -> 10
A11: Spirit | B11: 10 | C11: 0 | D11: =IFERROR(SUMPRODUCT(('Race Data'!B$2:B$50=B$2)*('Race Data'!I$2:I$50)),0) -> 0 | E11: =SUM(H18:H29) -> 0 | F11: =B11+C11+D11+E11 -> 10
A12: Strength | B12: 10 | C12: 0 | D12: =IFERROR(SUMPRODUCT(('Race Data'!B$2:B$50=B$2)*('Race Data'!J$2:J$50)),0) -> 0 | E12: =SUM(I18:I29) -> 0 | F12: =B12+C12+D12+E12 -> 10
A13: Vitality | B13: 10 | C13: 0 | D13: =IFERROR(SUMPRODUCT(('Race Data'!B$2:B$50=B$2)*('Race Data'!K$2:K$50)),0) -> 0 | E13: =SUM(J18:J29) -> 0 | F13: =B13+C13+D13+E13 -> 10
A14: Will | B14: 10 | C14: 0 | D14: =IFERROR(SUMPRODUCT(('Race Data'!B$2:B$50=B$2)*('Race Data'!L$2:L$50)),0) -> 0 | E14: =SUM(K18:K29) -> 0 | F14: =B14+C14+D14+E14 -> 10
A16: Gear Slot Bonuses
A17: Gear Slot | B17: Item Name | C17: Attunement | D17: Command | E17: Conviction | F17: Dexterity | G17: Endurance | H17: Spirit | I17: Strength | J17: Vitality | K17: Will | L17: Physical Armor Rating | M17: Magic Armor Rating | N17: Weapon Damage | O17: Critical Hit Rating | P17: Critical Hit Multiplier | Q17: Arcane Resistance | R17: Chaos Resistance | S17: Crushing Resistance | T17: Earth Resistance | U17: Fire Resistance | V17: Lightning Resistance | W17: Mind Resistance | X17: Piercing Resistance | Y17: Shadow Resistance | Z17: Slashing Resistance | AA17: Spirit Resistance | AB17: Void Resistance
A18: Head | C18: 0 | D18: 0 | E18: 0 | F18: 0 | G18: 0 | H18: 0 | I18: 0 | J18: 0 | K18: 0 | L18: 0 | M18: 0 | N18: 0 | O18: 0 | P18: 0 | Q18: 0 | R18: 0 | S18: 0 | T18: 0 | U18: 0 | V18: 0 | W18: 0 | X18: 0 | Y18: 0 | Z18: 0 | AA18: 0 | AB18: 0
A19: Chest | C19: 0 | D19: 0 | E19: 0 | F19: 0 | G19: 0 | H19: 0 | I19: 0 | J19: 0 | K19: 0 | L19: 0 | M19: 0 | N19: 0 | O19: 0 | P19: 0 | Q19: 0 | R19: 0 | S19: 0 | T19: 0 | U19: 0 | V19: 0 | W19: 0 | X19: 0 | Y19: 0 | Z19: 0 | AA19: 0 | AB19: 0
A20: Hands | C20: 0 | D20: 0 | E20: 0 | F20: 0 | G20: 0 | H20: 0 | I20: 0 | J20: 0 | K20: 0 | L20: 0 | M20: 0 | N20: 0 | O20: 0 | P20: 0 | Q20: 0 | R20: 0 | S20: 0 | T20: 0 | U20: 0 | V20: 0 | W20: 0 | X20: 0 | Y20: 0 | Z20: 0 | AA20: 0 | AB20: 0
A21: Legs | C21: 0 | D21: 0 | E21: 0 | F21: 0 | G21: 0 | H21: 0 | I21: 0 | J21: 0 | K21: 0 | L21: 0 | M21: 0 | N21: 0 | O21: 0 | P21: 0 | Q21: 0 | R21: 0 | S21: 0 | T21: 0 | U21: 0 | V21: 0 | W21: 0 | X21: 0 | Y21: 0 | Z21: 0 | AA21: 0 | AB21: 0
A22: Feet | C22: 0 | D22: 0 | E22: 0 | F22: 0 | G22: 0 | H22: 0 | I22: 0 | J22: 0 | K22: 0 | L22: 0 | M22: 0 | N22: 0 | O22: 0 | P22: 0 | Q22: 0 | R22: 0 | S22: 0 | T22: 0 | U22: 0 | V22: 0 | W22: 0 | X22: 0 | Y22: 0 | Z22: 0 | AA22: 0 | AB22: 0
A23: Back | C23: 0 | D23: 0 | E23: 0 | F23: 0 | G23: 0 | H23: 0 | I23: 0 | J23: 0 | K23: 0 | L23: 0 | M23: 0 | N23: 0 | O23: 0 | P23: 0 | Q23: 0 | R23: 0 | S23: 0 | T23: 0 | U23: 0 | V23: 0 | W23: 0 | X23: 0 | Y23: 0 | Z23: 0 | AA23: 0 | AB23: 0
A24: Primary Weapon | C24: 0 | D24: 0 | E24: 0 | F24: 0 | G24: 0 | H24: 0 | I24: 0 | J24: 0 | K24: 0 | L24: 0 | M24: 0 | N24: 0 | O24: 0 | P24: 0 | Q24: 0 | R24: 0 | S24: 0 | T24: 0 | U24: 0 | V24: 0 | W24: 0 | X24: 0 | Y24: 0 | Z24: 0 | AA24: 0 | AB24: 0
A25: Secondary Weapon | C25: 0 | D25: 0 | E25: 0 | F25: 0 | G25: 0 | H25: 0 | I25: 0 | J25: 0 | K25: 0 | L25: 0 | M25: 0 | N25: 0 | O25: 0 | P25: 0 | Q25: 0 | R25: 0 | S25: 0 | T25: 0 | U25: 0 | V25: 0 | W25: 0 | X25: 0 | Y25: 0 | Z25: 0 | AA25: 0 | AB25: 0
A26: Waist | C26: 0 | D26: 0 | E26: 0 | F26: 0 | G26: 0 | H26: 0 | I26: 0 | J26: 0 | K26: 0 | L26: 0 | M26: 0 | N26: 0 | O26: 0 | P26: 0 | Q26: 0 | R26: 0 | S26: 0 | T26: 0 | U26: 0 | V26: 0 | W26: 0 | X26: 0 | Y26: 0 | Z26: 0 | AA26: 0 | AB26: 0
A27: Neck | C27: 0 | D27: 0 | E27: 0 | F27: 0 | G27: 0 | H27: 0 | I27: 0 | J27: 0 | K27: 0 | L27: 0 | M27: 0 | N27: 0 | O27: 0 | P27: 0 | Q27: 0 | R27: 0 | S27: 0 | T27: 0 | U27: 0 | V27: 0 | W27: 0 | X27: 0 | Y27: 0 | Z27: 0 | AA27: 0 | AB27: 0
A28: Ring 1 | C28: 0 | D28: 0 | E28: 0 | F28: 0 | G28: 0 | H28: 0 | I28: 0 | J28: 0 | K28: 0 | L28: 0 | M28: 0 | N28: 0 | O28: 0 | P28: 0 | Q28: 0 | R28: 0 | S28: 0 | T28: 0 | U28: 0 | V28: 0 | W28: 0 | X28: 0 | Y28: 0 | Z28: 0 | AA28: 0 | AB28: 0
A29: Ring 2 | C29: 0 | D29: 0 | E29: 0 | F29: 0 | G29: 0 | H29: 0 | I29: 0 | J29: 0 | K29: 0 | L29: 0 | M29: 0 | N29: 0 | O29: 0 | P29: 0 | Q29: 0 | R29: 0 | S29: 0 | T29: 0 | U29: 0 | V29: 0 | W29: 0 | X29: 0 | Y29: 0 | Z29: 0 | AA29: 0 | AB29: 0
A31: Stat Name | B31: Stat ID | C31: Type | D31: Abbreviated Formula | E31: Value
A32: Spirit | B32: Spirit | C32: Primary | D32: 0 | E32: =F11 -> 10
A33: Faith Regeneration Increase | B33: FaithRegenerationIncrease | C33: Derived | D33: (Spirit * 0.03) | E33: =(F11 * 0.03) -> 0.3
A34: Attunement | B34: Attunement | C34: Primary | D34: 0 | E34: =F6 -> 10
A35: Endurance | B35: Endurance | C35: Primary | D35: 0 | E35: =F10 -> 10
A36: Guts Threshold Increase | B36: GutsThresholdIncrease | C36: Hidden | D36: (Endurance * 0.01) | E36: =(F10 * 0.01) -> 0.1
A37: Maximum Prospecting Fragility | B37: ProspectingFragilityMax | C37: Derived | D37: 100 | E37: =100 -> 100
A38: Shadow Resistance | B38: ShadowResistanceValue | C38: Hidden | D38: 0 | E38: =SUM(Y18:Y29) -> 0
A39: Size Modifier | B39: SizeModifier | C39: Hidden | E39: =
A40: Panic Rating Decay | B40: PanicDecay | C40: Derived | D40: -5 | E40: =-5 -> -5
A41: Spirit Resistance | B41: SpiritResistanceValue | C41: Hidden | D41: 0 | E41: =SUM(AA18:AA29) -> 0
A42: Spirit Resistance Multiplier | B42: SpiritResistanceMultiplier | C42: Derived | D42: 1 - SpiritResistanceValue | E42: =1 - E41 -> 1
A43: Vitality | B43: Vitality | C43: Primary | D43: 0 | E43: =F13 -> 10
A44: Base Maximum Health | B44: BaseMaxHP | C44: Derived | D44: 5000 + 100 * Vitality | E44: =5000 + 100 * F13 -> 6000
A45: Maximum Health Increase | B45: MaxHPIncrease | C45: Derived | D45: (Vitality * 0.02) | E45: =(F13 * 0.02) -> 0.2
A46: Maximum Health | B46: MaxHP | C46: Derived | D46: (BaseMaxHP * (1 + MaxHPIncrease)) | E46: =(E44 * (1 + E45)) -> 7200
A47: Maximum Shield | B47: MaxShield | C47: Derived | D47: MaxHP / 2 | E47: =E46 / 2 -> 3600
A48: Maximum Combined Health | B48: MaxCombinedHealth | C48: Derived | D48: MaxHP + MaxShield | E48: =E46 + E47 -> 10800
A49: StatName_ControlRegenViking | B49: ControlRegenViking | C49: Hidden | E49: =
A50: Conviction | B50: Conviction | C50: Primary | D50: 0 | E50: =F8 -> 10
A51: Buff Duration | B51: BuffDurationMultiplier | C51: Derived | D51: (1 + Conviction * 0.005) | E51: =(1 + F8 * 0.005) -> 1.05
A52: Critical Hit Multiplier | B52: CriticalDamageMultiplier | C52: Hidden | D52: 1.25 | E52: =1.25+SUM(P18:P29) -> 1.25
A53: Percent Max | B53: PercentMax | C53: Derived | D53: 100 | E53: =100 -> 100
A54: Health Regeneration Increase | B54: HealthRegenerationIncrease | C54: Derived | D54: (Vitality * 0.02) | E54: =(F13 * 0.02) -> 0.2
A55: Base Health Regeneration | B55: BaseHealthRegeneration | C55: Derived | D55: MaxHP / 150 | E55: =E46 / 150 -> 48
A56: Health Regeneration | B56: HealthRegeneration | C56: Derived | D56: (BaseHealthRegeneration * (1 + HealthRegenerationIncrease)) | E56: =(E55 * (1 + E54)) -> 57.6
A57: Health Regeneration | B57: CombinedHealthRegeneration | C57: Derived | D57: HealthRegeneration | E57: =E56 -> 57.6
A58: StatName_Weaponsmithing | B58: WeaponsmithingSkill | C58: Hidden | E58: =
A59: StatName_ControlRegenTDD | B59: ControlRegenTDD | C59: Hidden | E59: =
A60: StatName_Leatherworking | B60: LeatherworkingSkill | C60: Hidden | E60: =
A61: StatName_Woodworking | B61: WoodworkingSkill | C61: Hidden | E61: =
A62: Maximum Mana Increase | B62: MaxManaIncrease | C62: Derived | D62: (Spirit * 0.02) | E62: =(F11 * 0.02) -> 0.2
A63: Base Maximum Mana | B63: BaseMaxMana | C63: Derived | D63: 5000 + 100 * Spirit | E63: =5000 + 100 * F11 -> 6000
A64: Max Mana | B64: MaxMana | C64: Hidden | D64: (BaseMaxMana * (1 + MaxManaIncrease)) | E64: =(E63 * (1 + E62)) -> 7200
A65: Base Mana Regeneration | B65: BaseManaRegeneration | C65: Derived | D65: MaxMana / 500 | E65: =E64 / 500 -> 14.4
A66: StatName_ControlMax | B66: ControlMax | C66: Hidden | E66: =
A67: StatName_ItemMaxHP | B67: ItemMaxHP | C67: Hidden | E67: =
A68: Block Value Increase | B68: BlockValueIncrease | C68: Hidden | D68: (Endurance * 0.01) | E68: =(F10 * 0.01) -> 0.1
A69: Base Guts Threshold | B69: BaseGutsThreshold | C69: Hidden | D69: 0.1 | E69: =0.1 -> 0.1
A70: StatName_Quality | B70: Quality | C70: Hidden | E70: =
A71: Will | B71: Will | C71: Primary | D71: 0 | E71: =F14 -> 10
A72: Panic Resistance | B72: PanicResistanceValue | C72: Derived | D72: (Will * 0.005) | E72: =(F14 * 0.005) -> 0.05
A73: Physical Armor Rating | B73: PhysicalArmorRating | C73: Hidden | D73: 0 | E73: =SUM(L18:L29) -> 0
A74: Physical Armor Multiplier | B74: PhysicalArmorMultiplier | C74: Derived | D74: 1 - (0.003 * PhysicalArmorRating) / (1 + 0.003 * PhysicalArmorRating) | E74: =1 - (0.003 * E73) / (1 + 0.003 * E73) -> 1
A75: StatName_Tailoring | B75: TailoringSkill | C75: Hidden | E75: =
A76: StatName_MaxRepairPoints | B76: MaxRepairPoints | C76: Hidden | E76: =
A77: StatName_Herbalism | B77: HerbalismSkill | C77: Hidden | E77: =
A78: Mind Resistance | B78: MindResistanceValue | C78: Hidden | D78: 0 | E78: =SUM(W18:W29) -> 0
A79: StatName_StartingYield | B79: StartingYield | C79: Hidden | E79: =
A80: Max Turn Speed | B80: MaxTurnSpeed | C80: Hidden | D80: 20.1 | E80: =20.1 -> 20.1
A81: Judgement Gain Multiplier | B81: JudgementGainMultiplier | C81: Hidden | D81: (1 + Spirit * 0.005) | E81: =(1 + F11 * 0.005) -> 1.05
A82: StatName_ItemHPRegen | B82: ItemHPRegen | C82: Hidden | E82: =
A83: Guts Increase | B83: GutsValueIncrease | C83: Hidden | D83: (Endurance * 0.005) | E83: =(F10 * 0.005) -> 0.05
A84: Base Guts | B84: BaseGutsValue | C84: Hidden | D84: 0.1 | E84: =0.1 -> 0.1
A85: Guts Value | B85: GutsValue | C85: Hidden | D85: (BaseGutsValue * (1 + GutsValueIncrease)) | E85: =(E84 * (1 + E83)) -> 0.105
A86: Max Judgement | B86: MaxJudgement | C86: Hidden | D86: 1000 | E86: =1000 -> 1000
A87: Mana Regeneration Increase | B87: ManaRegenerationIncrease | C87: Derived | D87: (Spirit * 0.02) | E87: =(F11 * 0.02) -> 0.2
A88: Ability Recovery Speed | B88: AbilityRecoverySpeed | C88: Hidden | E88: =
A89: Command | B89: Command | C89: Primary | D89: 0 | E89: =F7 -> 10
A90: Shadow Resistance Multiplier | B90: ShadowResistanceMultiplier | C90: Derived | D90: 1 - ShadowResistanceValue | E90: =1 - E38 -> 1
A91: Fire Resistance | B91: FireResistanceValue | C91: Hidden | D91: 0 | E91: =SUM(U18:U29) -> 0
A92: Fire Resistance Multiplier | B92: FireResistanceMultiplier | C92: Derived | D92: 1 - FireResistanceValue | E92: =1 - E91 -> 1
A93: StatName_Cooking | B93: CookingSkill | C93: Hidden | E93: =
A94: Mana Regeneration | B94: ManaRegeneration | C94: Hidden | D94: (BaseManaRegeneration * (1 + ManaRegenerationIncrease)) | E94: =(E65 * (1 + E87)) -> 17.28
A95: Slashing Resistance | B95: SlashingResistanceValue | C95: Hidden | D95: 0 | E95: =SUM(Z18:Z29) -> 0
A96: Panic Resistance Multiplier | B96: PanicResistanceMultiplier | C96: Derived | D96: 1 - PanicResistanceValue | E96: =1 - E72 -> 0.95
A97: Move Acceleration | B97: MoveAcceleration | C97: Hidden | D97: 60 | E97: =60 -> 60
A98: Ability Preparation Speed | B98: AbilityPreparationSpeed | C98: Hidden | E98: =
A99: Base Faith Regeneration | B99: BaseFaithRegeneration | C99: Derived | D99: 10 | E99: =10 -> 10
A100: Debuff Duration Reduction | B100: DebuffDurationReduction | C100: Derived | D100: (Endurance * 0.005) | E100: =(F10 * 0.005) -> 0.05
A101: Spell Damage Multiplier | B101: BaseSpellDamageMultiplier | C101: Derived | D101: (1 + Attunement * 0.01) | E101: =(1 + F6 * 0.01) -> 1.1
A102: StatName_Jewelsmithing | B102: JewelsmithingSkill | C102: Hidden | E102: =
A103: Vertical Jump Speed | B103: VerticalJumpSpeed | C103: Hidden | D103: 5.5 | E103: =5.5 -> 5.5
...

Sheet Stat Analysis
A1: Name | B1: Stat ID | C1: Description | D1: Formula (abbreviated) | E1: Base Value (0) | F1: Primary Stat Dependencies | G1: Direct Stat Dependencies | H1: Full Stat Dependency Chain | I1: Base (10) | J1: Human (12) | K1: Minor Racial (13) | L1: Major Racial (14) | M1: Max Base (50) | N1: Max Human (52) | O1: Max Minor Racial (53) | P1: Max Major Racial (54) | Q1: Show at Char Creation | R1: Formula (raw) | S1: Type
A2: Arcane Resistance Multiplier | B2: ArcaneResistanceMultiplier | C2: Multiplier for arcane damage from resistance | D2: 1 - ArcaneResistanceValue | E2: 1 | G2: Arcane Resistance | H2: Arcane Resistance | I2: 1 | J2: 1 | K2: 1 | L2: 1 | M2: 1 | N2: 1 | O2: 1 | P2: 1 | Q2: Yes | R2: 1 - Ctx.GetOrCalculateStat(Stat.ArcaneResistanceValue) | S2: Derived
A3: Base Faith Regeneration | B3: BaseFaithRegeneration | C3: Base Faith Regeneration from Spirit and flat sources | D3: 10 | E3: 10 | I3: 10 | J3: 10 | K3: 10 | L3: 10 | M3: 10 | N3: 10 | O3: 10 | P3: 10 | Q3: Yes | R3: 10 | S3: Derived
A4: Base Health Regeneration | B4: BaseHealthRegeneration | C4: Base Health Regeneration from Vitality and flat sources | D4: MaxHP / 150 | E4: 33.333333 | F4: Vitality | G4: Maximum Health | H4: Base Maximum Health, Maximum Health, Maximum Health Increase | I4: 48 | J4: 51.253333 | K4: 52.92 | L4: 54.613333 | M4: 133.33333 | N4: 138.72 | O4: 141.45333 | P4: 144.21333 | Q4: Yes | R4: Ctx.GetOrCalculateStat(Stat.MaxHP) / 150 | S4: Derived
A5: Base Mana Regeneration | B5: BaseManaRegeneration | C5: Base Mana Regeneration from Spirit and flat sources | D5: MaxMana / 500 | E5: 10 | F5: Spirit | G5: Max Mana | H5: Base Maximum Mana, Max Mana, Maximum Mana Increase | I5: 14.4 | J5: 15.376 | K5: 15.876 | L5: 16.384 | M5: 40 | N5: 41.616 | O5: 42.436 | P5: 43.264 | Q5: Yes | R5: Ctx.GetOrCalculateStat(Stat.MaxMana) / 500 | S5: Derived
A6: Base Maximum Health | B6: BaseMaxHP | C6: Base Maximum Health from Vitality and flat sources | D6: 5000 + 100 * Vitality | E6: 5000 | F6: Vitality | I6: 6000 | J6: 6200 | K6: 6300 | L6: 6400 | M6: 10000 | N6: 10200 | O6: 10300 | P6: 10400 | Q6: Yes | R6: 5000 + 100 * Ctx.GetOrCalculateStat(Stat.Vitality) | S6: Derived
A7: Base Maximum Mana | B7: BaseMaxMana | C7: Base Maximum Mana from Spirit and flat sources | D7: 5000 + 100 * Spirit | E7: 5000 | F7: Spirit | I7: 6000 | J7: 6200 | K7: 6300 | L7: 6400 | M7: 10000 | N7: 10200 | O7: 10300 | P7: 10400 | Q7: Yes | R7: 5000 + 100 * Ctx.GetOrCalculateStat(Stat.Spirit) | S7: Derived
A8: Buff Duration | B8: BuffDurationMultiplier | C8: Increases the duration of Buffs you apply | D8: (1 + Conviction * 0.005) | E8: 1 | F8: Conviction | I8: 1.05 | J8: 1.06 | K8: 1.065 | L8: 1.07 | M8: 1.25 | N8: 1.26 | O8: 1.265 | P8: 1.27 | Q8: Yes | R8: (float) (1 + Ctx.GetOrCalculateStat(Stat.Conviction) * 0.005) | S8: Derived
A9: Buff Effect | B9: BuffEffectMultiplier | C9: Increases the numerical values of Buffs you apply | D9: (1 + Conviction * 0.005) | E9: 1 | F9: Conviction | I9: 1.05 | J9: 1.06 | K9: 1.065 | L9: 1.07 | M9: 1.25 | N9: 1.26 | O9: 1.265 | P9: 1.27 | Q9: Yes | R9: (float) (1 + Ctx.GetOrCalculateStat(Stat.Conviction) * 0.005) | S9: Derived
A10: Chaos Resistance Multiplier | B10: ChaosResistanceMultiplier | C10: Multiplier for chaos damage from resistance | D10: 1 - ChaosResistanceValue | E10: 1 | G10: Chaos Resistance | H10: Chaos Resistance | I10: 1 | J10: 1 | K10: 1 | L10: 1 | M10: 1 | N10: 1 | O10: 1 | P10: 1 | Q10: Yes | R10: 1 - Ctx.GetOrCalculateStat(Stat.ChaosResistanceValue) | S10: Derived
A11: Critical Hit Chance | B11: CriticalHitChance | C11: Fraction chance for critical hits | D11: (2 * (1 / (1 + Exp(-0.011 * CriticalHitRating))) - 1) | E11: 0.054945 | G11: Critical Hit Rating | H11: Critical Hit Rating | I11: 0.054945 | J11: 0.054945 | K11: 0.054945 | L11: 0.054945 | M11: 0.054945 | N11: 0.054945 | O11: 0.054945 | P11: 0.054945 | Q11: Yes | R11: (float) (2 * (1 / (1 + System.Math.Exp(-0.011 * Ctx.GetOrCalculateStat(Stat.CriticalHitRating)))) - 1) | S11: Derived
A12: Crushing Resistance Multiplier | B12: CrushingResistanceMultiplier | C12: Multiplier for crushing damage from resistance | D12: 1 - CrushingResistanceValue | E12: 1 | G12: Crushing Resistance | H12: Crushing Resistance | I12: 1 | J12: 1 | K12: 1 | L12: 1 | M12: 1 | N12: 1 | O12: 1 | P12: 1 | Q12: Yes | R12: 1 - Ctx.GetOrCalculateStat(Stat.CrushingResistanceValue) | S12: Derived
A13: Current Max Health | B13: MaxHPLimit | C13: Restricted Max HP for limitations like Wounds | D13: MaxHP | E13: 5000 | F13: Vitality | G13: Maximum Health | H13: Base Maximum Health, Maximum Health, Maximum Health Increase | I13: 7200 | J13: 7688 | K13: 7938 | L13: 8192 | M13: 20000 | N13: 20808 | O13: 21218 | P13: 21632 | Q13: Yes | R13: Ctx.GetOrCalculateStat(Stat.MaxHP) | S13: Derived
A14: Debuff Duration Multiplier | B14: DebuffDurationMultiplier | C14: Multiplier for duration of Debuffs applied to you | D14: 1 - DebuffDurationReduction | E14: 1 | F14: Endurance | G14: Debuff Duration Reduction | H14: Debuff Duration Reduction | I14: 0.95 | J14: 0.94 | K14: 0.935 | L14: 0.93 | M14: 0.75 | N14: 0.74 | O14: 0.735 | P14: 0.73 | Q14: Yes | R14: 1 - Ctx.GetOrCalculateStat(Stat.DebuffDurationReduction) | S14: Derived
A15: Debuff Duration Reduction | B15: DebuffDurationReduction | C15: Reduces the duration of Debuffs applied to you | D15: (Endurance * 0.005) | E15: 0 | F15: Endurance | I15: 0.05 | J15: 0.06 | K15: 0.065 | L15: 0.07 | M15: 0.25 | N15: 0.26 | O15: 0.265 | P15: 0.27 | Q15: Yes | R15: (float) (Ctx.GetOrCalculateStat(Stat.Endurance) * 0.005) | S15: Derived
A16: Detection Range | B16: DetectionRange | C16: Determines how far away you can see Stealthed enemies. | D16: (5 + Command * 0.75) | E16: 5 | F16: Command | I16: 12.5 | J16: 14 | K16: 14.75 | L16: 15.5 | M16: 42.5 | N16: 44 | O16: 44.75 | P16: 45.5 | Q16: Yes | R16: (float) (5 + Ctx.GetOrCalculateStat(Stat.Command) * 0.75) | S16: Derived
A17: Detection Regen | B17: DetectionRegen | C17: Regen to make Detection Resource work | D17: 100 | E17: 100 | I17: 100 | J17: 100 | K17: 100 | L17: 100 | M17: 100 | N17: 100 | O17: 100 | P17: 100 | Q17: Yes | R17: 100 | S17: Derived
A18: Earth Resistance Multiplier | B18: EarthResistanceMultiplier | C18: Multiplier for earth damage from resistance | D18: 1 - EarthResistanceValue | E18: 1 | G18: Earth Resistance | H18: Earth Resistance | I18: 1 | J18: 1 | K18: 1 | L18: 1 | M18: 1 | N18: 1 | O18: 1 | P18: 1 | Q18: Yes | R18: 1 - Ctx.GetOrCalculateStat(Stat.EarthResistanceValue) | S18: Derived
A19: Faith Regeneration Increase | B19: FaithRegenerationIncrease | C19: Multiplier on Base Faith Regeneration | D19: (Spirit * 0.03) | E19: 0 | F19: Spirit | I19: 0.3 | J19: 0.36 | K19: 0.39 | L19: 0.42 | M19: 1.5 | N19: 1.56 | O19: 1.59 | P19: 1.62 | Q19: Yes | R19: (float) (Ctx.GetOrCalculateStat(Stat.Spirit) * 0.03) | S19: Derived
A20: Fire Resistance Multiplier | B20: FireResistanceMultiplier | C20: Multiplier for fire damage from resistance | D20: 1 - FireResistanceValue | E20: 1 | G20: Fire Resistance | H20: Fire Resistance | I20: 1 | J20: 1 | K20: 1 | L20: 1 | M20: 1 | N20: 1 | O20: 1 | P20: 1 | Q20: Yes | R20: 1 - Ctx.GetOrCalculateStat(Stat.FireResistanceValue) | S20: Derived
A21: Focus Charger Regen | B21: FocusChargerRegen | C21: Amount to increase focus charger bar per tick | D21: 20 | E21: 20 | I21: 20 | J21: 20 | K21: 20 | L21: 20 | M21: 20 | N21: 20 | O21: 20 | P21: 20 | Q21: Yes | R21: 20 | S21: Derived
A22: Healing Multiplier | B22: BaseHealingMultiplier | C22: Increases Healing done by your abilities | D22: (1 + Conviction * 0.01) | E22: 1 | F22: Conviction | I22: 1.1 | J22: 1.12 | K22: 1.13 | L22: 1.14 | M22: 1.5 | N22: 1.52 | O22: 1.53 | P22: 1.54 | Q22: Yes | R22: (float) (1 + Ctx.GetOrCalculateStat(Stat.Conviction) * 0.01) | S22: Derived
A23: Health Regeneration | B23: CombinedHealthRegeneration | C23: Rate at which combined health regenerates over time. | D23: HealthRegeneration | E23: 33.333333 | F23: Vitality | G23: Health Regeneration | H23: Base Health Regeneration, Base Maximum Health, Health Regeneration, Health Regeneration Increase, Maximum Health, Maximum Health Increase | I23: 57.6 | J23: 63.554133 | K23: 66.6792 | L23: 69.905067 | M23: 266.66667 | N23: 282.9888 | O23: 291.39387 | P23: 299.96373 | Q23: Yes | R23: Ctx.GetOrCalculateStat(Stat.HealthRegeneration) | S23: Derived
A24: Health Regeneration | B24: HealthRegeneration | C24: Health regenerated per second while out of combat. | D24: (BaseHealthRegeneration * (1 + HealthRegenerationIncrease)) | E24: 33.333333 | F24: Vitality | G24: Base Health Regeneration, Health Regeneration Increase | H24: Base Health Regeneration, Base Maximum Health, Health Regeneration Increase, Maximum Health, Maximum Health Increase | I24: 57.6 | J24: 63.554133 | K24: 66.6792 | L24: 69.905067 | M24: 266.66667 | N24: 282.9888 | O24: 291.39387 | P24: 299.96373 | Q24: Yes | R24: (float) (Ctx.GetOrCalculateStat(Stat.BaseHealthRegeneration) * (1 + Ctx.GetOrCalculateStat(Stat.HealthRegenerationIncrease))) | S24: Derived
A25: Health Regeneration Increase | B25: HealthRegenerationIncrease | C25: Multiplier on Base Health Regeneration | D25: (Vitality * 0.02) | E25: 0 | F25: Vitality | I25: 0.2 | J25: 0.24 | K25: 0.26 | L25: 0.28 | M25: 1 | N25: 1.04 | O25: 1.06 | P25: 1.08 | Q25: Yes | R25: (float) (Ctx.GetOrCalculateStat(Stat.Vitality) * 0.02) | S25: Derived
A26: Lightning Resistance Multiplier | B26: LightningResistanceMultiplier | C26: Multiplier for lightning damage from resistance | D26: 1 - LightningResistanceValue | E26: 1 | G26: Lightning Resistance | H26: Lightning Resistance | I26: 1 | J26: 1 | K26: 1 | L26: 1 | M26: 1 | N26: 1 | O26: 1 | P26: 1 | Q26: Yes | R26: 1 - Ctx.GetOrCalculateStat(Stat.LightningResistanceValue) | S26: Derived
A27: Magic Armor Multiplier | B27: MagicArmorMultiplier | C27: Multiplier for magic damage from armor | D27: 1 - (0.003 * MagicArmorRating) / (1 + 0.003 * MagicArmorRating) | E27: 1 | G27: Magic Armor Rating | H27: Magic Armor Rating | I27: 1 | J27: 1 | K27: 1 | L27: 1 | M27: 1 | N27: 1 | O27: 1 | P27: 1 | Q27: Yes | R27: 1 - (0.003f * Ctx.GetOrCalculateStat(Stat.MagicArmorRating)) / (1 + 0.003f * Ctx.GetOrCalculateStat(Stat.MagicArmorRating)) | S27: Derived
A28: Mana Regeneration Increase | B28: ManaRegenerationIncrease | C28: Multiplier on Base Mana Regeneration | D28: (Spirit * 0.02) | E28: 0 | F28: Spirit | I28: 0.2 | J28: 0.24 | K28: 0.26 | L28: 0.28 | M28: 1 | N28: 1.04 | O28: 1.06 | P28: 1.08 | Q28: Yes | R28: (float) (Ctx.GetOrCalculateStat(Stat.Spirit) * 0.02) | S28: Derived
A29: Maximum Combined Health | B29: MaxCombinedHealth | C29: Maximum HP + maximum shield | D29: MaxHP + MaxShield | E29: 7500 | F29: Vitality | G29: Maximum Health, Maximum Shield | H29: Base Maximum Health, Maximum Health, Maximum Health Increase, Maximum Shield | I29: 10800 | J29: 11532 | K29: 11907 | L29: 12288 | M29: 30000 | N29: 31212 | O29: 31827 | P29: 32448 | Q29: Yes | R29: Ctx.GetOrCalculateStat(Stat.MaxHP) + Ctx.GetOrCalculateStat(Stat.MaxShield) | S29: Derived
A30: Maximum Health | B30: MaxHP | C30: Maximum Health value | D30: (BaseMaxHP * (1 + MaxHPIncrease)) | E30: 5000 | F30: Vitality | G30: Base Maximum Health, Maximum Health Increase | H30: Base Maximum Health, Maximum Health Increase | I30: 7200 | J30: 7688 | K30: 7938 | L30: 8192 | M30: 20000 | N30: 20808 | O30: 21218 | P30: 21632 | Q30: Yes | R30: (float) (Ctx.GetOrCalculateStat(Stat.BaseMaxHP) * (1 + Ctx.GetOrCalculateStat(Stat.MaxHPIncrease))) | S30: Derived
A31: Maximum Health Increase | B31: MaxHPIncrease | C31: Multiplier on Base Maximum Health | D31: (Vitality * 0.02) | E31: 0 | F31: Vitality | I31: 0.2 | J31: 0.24 | K31: 0.26 | L31: 0.28 | M31: 1 | N31: 1.04 | O31: 1.06 | P31: 1.08 | Q31: Yes | R31: (float) (Ctx.GetOrCalculateStat(Stat.Vitality) * 0.02) | S31: Derived
A32: Maximum Mana Increase | B32: MaxManaIncrease | C32: Multiplier on Base Maximum Mana | D32: (Spirit * 0.02) | E32: 0 | F32: Spirit | I32: 0.2 | J32: 0.24 | K32: 0.26 | L32: 0.28 | M32: 1 | N32: 1.04 | O32: 1.06 | P32: 1.08 | Q32: Yes | R32: (float) (Ctx.GetOrCalculateStat(Stat.Spirit) * 0.02) | S32: Derived
A33: Maximum Panic Rating | B33: MaxPanic | C33: The maximum amount of Panic you can sustain before becoming vulnerable to Terror effects. | D33: 1000 | E33: 1000 | I33: 1000 | J33: 1000 | K33: 1000 | L33: 1000 | M33: 1000 | N33: 1000 | O33: 1000 | P33: 1000 | Q33: Yes | R33: 1000 | S33: Derived
A34: Maximum Prospecting Excavation | B34: ProspectingExcavationMax | C34: Maximum excavation of prospecting resource | D34: 100 | E34: 100 | I34: 100 | J34: 100 | K34: 100 | L34: 100 | M34: 100 | N34: 100 | O34: 100 | P34: 100 | Q34: Yes | R34: 100 | S34: Derived
A35: Maximum Prospecting Fragility | B35: ProspectingFragilityMax | C35: Maximum fragility of prospecting resource | D35: 100 | E35: 100 | I35: 100 | J35: 100 | K35: 100 | L35: 100 | M35: 100 | N35: 100 | O35: 100 | P35: 100 | Q35: Yes | R35: 100 | S35: Derived
A36: Maximum Shield | B36: MaxShield | C36: Increases the character's maximum shield value. | D36: MaxHP / 2 | E36: 2500 | F36: Vitality | G36: Maximum Health | H36: Base Maximum Health, Maximum Health, Maximum Health Increase | I36: 3600 | J36: 3844 | K36: 3969 | L36: 4096 | M36: 10000 | N36: 10404 | O36: 10609 | P36: 10816 | Q36: Yes | R36: Ctx.GetOrCalculateStat(Stat.MaxHP) / 2 | S36: Derived
A37: Mind Resistance Multiplier | B37: MindResistanceMultiplier | C37: Multiplier for mind damage from resistance | D37: 1 - MindResistanceValue | E37: 1 | G37: Mind Resistance | H37: Mind Resistance | I37: 1 | J37: 1 | K37: 1 | L37: 1 | M37: 1 | N37: 1 | O37: 1 | P37: 1 | Q37: Yes | R37: 1 - Ctx.GetOrCalculateStat(Stat.MindResistanceValue) | S37: Derived
A38: Movement Speed | B38: MaxMoveSpeed | C38: Increases the maximum movement speed of the character. | D38: 11 | E38: 11 | I38: 11 | J38: 11 | K38: 11 | L38: 11 | M38: 11 | N38: 11 | O38: 11 | P38: 11 | Q38: Yes | R38: 11 | S38: Derived
A39: Panic Multiplier | B39: BasePanicMultiplier | C39: Increases Panic inflicted by your abilities | D39: (1 + Command * 0.01) | E39: 1 | F39: Command | I39: 1.1 | J39: 1.12 | K39: 1.13 | L39: 1.14 | M39: 1.5 | N39: 1.52 | O39: 1.53 | P39: 1.54 | Q39: Yes | R39: (float) (1 + Ctx.GetOrCalculateStat(Stat.Command) * 0.01) | S39: Derived
A40: Panic Rating Decay | B40: PanicDecay | C40: Increase the rate at which accumulated Panic is decreased. | D40: -5 | E40: -5 | I40: -5 | J40: -5 | K40: -5 | L40: -5 | M40: -5 | N40: -5 | O40: -5 | P40: -5 | Q40: Yes | R40: -5 | S40: Derived
A41: Panic Resistance | B41: PanicResistanceValue | C41: Reduces the amount of Panic inflicted on you | D41: (Will * 0.005) | E41: 0 | F41: Will | I41: 0.05 | J41: 0.06 | K41: 0.065 | L41: 0.07 | M41: 0.25 | N41: 0.26 | O41: 0.265 | P41: 0.27 | Q41: Yes | R41: (float) (Ctx.GetOrCalculateStat(Stat.Will) * 0.005) | S41: Derived
A42: Panic Resistance Multiplier | B42: PanicResistanceMultiplier | C42: Multiplier for Panic inflicted on you | D42: 1 - PanicResistanceValue | E42: 1 | F42: Will | G42: Panic Resistance | H42: Panic Resistance | I42: 0.95 | J42: 0.94 | K42: 0.935 | L42: 0.93 | M42: 0.75 | N42: 0.74 | O42: 0.735 | P42: 0.73 | Q42: Yes | R42: 1 - Ctx.GetOrCalculateStat(Stat.PanicResistanceValue) | S42: Derived
A43: Participation Max Value | B43: ParticipationMax | C43: Standard maximum number of points you can accrue for participation | D43: 10000000 | E43: 10000000 | I43: 10000000 | J43: 10000000 | K43: 10000000 | L43: 10000000 | M43: 10000000 | N43: 10000000 | O43: 10000000 | P43: 10000000 | Q43: Yes | R43: 10000000 | S43: Derived
A44: Percent Max | B44: PercentMax | C44: Standard Maximum of 100 | D44: 100 | E44: 100 | I44: 100 | J44: 100 | K44: 100 | L44: 100 | M44: 100 | N44: 100 | O44: 100 | P44: 100 | Q44: Yes | R44: 100 | S44: Derived
A45: Physical Armor Multiplier | B45: PhysicalArmorMultiplier | C45: Multiplier for physical damage from armor | D45: 1 - (0.003 * PhysicalArmorRating) / (1 + 0.003 * PhysicalArmorRating) | E45: 1 | G45: Physical Armor Rating | H45: Physical Armor Rating | I45: 1 | J45: 1 | K45: 1 | L45: 1 | M45: 1 | N45: 1 | O45: 1 | P45: 1 | Q45: Yes | R45: 1 - (0.003f * Ctx.GetOrCalculateStat(Stat.PhysicalArmorRating)) / (1 + 0.003f * Ctx.GetOrCalculateStat(Stat.PhysicalArmorRating)) | S45: Derived
A46: Piercing Resistance Multiplier | B46: PiercingResistanceMultiplier | C46: Multiplier for piercing damage from resistance | D46: 1 - PiercingResistanceValue | E46: 1 | G46: Piercing Resistance | H46: Piercing Resistance | I46: 1 | J46: 1 | K46: 1 | L46: 1 | M46: 1 | N46: 1 | O46: 1 | P46: 1 | Q46: Yes | R46: 1 - Ctx.GetOrCalculateStat(Stat.PiercingResistanceValue) | S46: Derived
A47: Shadow Resistance Multiplier | B47: ShadowResistanceMultiplier | C47: Multiplier for shadow damage from resistance | D47: 1 - ShadowResistanceValue | E47: 1 | G47: Shadow Resistance | H47: Shadow Resistance | I47: 1 | J47: 1 | K47: 1 | L47: 1 | M47: 1 | N47: 1 | O47: 1 | P47: 1 | Q47: Yes | R47: 1 - Ctx.GetOrCalculateStat(Stat.ShadowResistanceValue) | S47: Derived
A48: Slashing Resistance Multiplier | B48: SlashingResistanceMultiplier | C48: Multiplier for slashing damage from resistance | D48: 1 - SlashingResistanceValue | E48: 1 | G48: Slashing Resistance | H48: Slashing Resistance | I48: 1 | J48: 1 | K48: 1 | L48: 1 | M48: 1 | N48: 1 | O48: 1 | P48: 1 | Q48: Yes | R48: 1 - Ctx.GetOrCalculateStat(Stat.SlashingResistanceValue) | S48: Derived
A49: Spell Damage Multiplier | B49: BaseSpellDamageMultiplier | C49: Increases damage with Spell abilities | D49: (1 + Attunement * 0.01) | E49: 1 | F49: Attunement | I49: 1.1 | J49: 1.12 | K49: 1.13 | L49: 1.14 | M49: 1.5 | N49: 1.52 | O49: 1.53 | P49: 1.54 | Q49: Yes | R49: (float) (1 + Ctx.GetOrCalculateStat(Stat.Attunement) * 0.01) | S49: Derived
A50: Spirit Resistance Multiplier | B50: SpiritResistanceMultiplier | C50: Multiplier for spirit damage from resistance | D50: 1 - SpiritResistanceValue | E50: 1 | G50: Spirit Resistance | H50: Spirit Resistance | I50: 1 | J50: 1 | K50: 1 | L50: 1 | M50: 1 | N50: 1 | O50: 1 | P50: 1 | Q50: Yes | R50: 1 - Ctx.GetOrCalculateStat(Stat.SpiritResistanceValue) | S50: Derived
A51: Veil Resistance | B51: VeilResistance | C51: Reduces the cost of remaining in the Veil | D51: (1 - Command * 0.005) | E51: 1 | F51: Command | I51: 0.95 | J51: 0.94 | K51: 0.935 | L51: 0.93 | M51: 0.75 | N51: 0.74 | O51: 0.735 | P51: 0.73 | Q51: Yes | R51: (float) (1 - Ctx.GetOrCalculateStat(Stat.Command) * 0.005) | S51: Derived
A52: Void Resistance Multiplier | B52: VoidResistanceMultiplier | C52: Multiplier for void damage from resistance | D52: 1 - VoidResistanceValue | E52: 1 | G52: Void Resistance | H52: Void Resistance | I52: 1 | J52: 1 | K52: 1 | L52: 1 | M52: 1 | N52: 1 | O52: 1 | P52: 1 | Q52: Yes | R52: 1 - Ctx.GetOrCalculateStat(Stat.VoidResistanceValue) | S52: Derived
A53: Weapon Damage Multiplier | B53: BaseWeaponDamageMultiplier | C53: Increases damage with Weaponskill abilities | D53: (1 + Strength * 0.01) | E53: 1 | F53: Strength | I53: 1.1 | J53: 1.12 | K53: 1.13 | L53: 1.14 | M53: 1.5 | N53: 1.52 | O53: 1.53 | P53: 1.54 | Q53: Yes | R53: (float) (1 + Ctx.GetOrCalculateStat(Stat.Strength) * 0.01) | S53: Derived
A54: Arcane Resistance | B54: ArcaneResistanceValue | C54: Amount to resist arcane damage | D54: 0 | E54: 0 | I54: 0 | J54: 0 | K54: 0 | L54: 0 | M54: 0 | N54: 0 | O54: 0 | P54: 0 | R54: 0 | S54: Hidden
A55: Base Block Value | B55: BaseBlockValue | C55: Base Block Value from flat sources | D55: 0 | E55: 0 | I55: 0 | J55: 0 | K55: 0 | L55: 0 | M55: 0 | N55: 0 | O55: 0 | P55: 0 | R55: 0 | S55: Hidden
A56: Base Evasion Chance | B56: BaseEvasionChance | C56: Base Evasion Chance from Dexterity and flat sources | D56: (Dexterity * 0.002) | E56: 0 | F56: Dexterity | I56: 0.02 | J56: 0.024 | K56: 0.026 | L56: 0.028 | M56: 0.1 | N56: 0.104 | O56: 0.106 | P56: 0.108 | R56: (float) (Ctx.GetOrCalculateStat(Stat.Dexterity) * 0.002) | S56: Hidden
A57: Base Guts | B57: BaseGutsValue | C57: Base Guts from minimum plus flat sources | D57: 0.1 | E57: 0.1 | I57: 0.1 | J57: 0.1 | K57: 0.1 | L57: 0.1 | M57: 0.1 | N57: 0.1 | O57: 0.1 | P57: 0.1 | R57: 0.1 | S57: Hidden
A58: Base Guts Threshold | B58: BaseGutsThreshold | C58: Base Guts Threshold from minimum plus flat sources | D58: 0.1 | E58: 0.1 | I58: 0.1 | J58: 0.1 | K58: 0.1 | L58: 0.1 | M58: 0.1 | N58: 0.1 | O58: 0.1 | P58: 0.1 | R58: 0.1 | S58: Hidden
A59: Block Cooldown | B59: BlockCooldown | C59: Initiated after a block is triggered, cannot block until cooldown is finished | D59: (4 * (1 - (BlockCooldownReduction))) | E59: 4 | F59: Dexterity | G59: Block Cooldown Reduction | H59: Block Cooldown Reduction | I59: 3.6 | J59: 3.52 | K59: 3.48 | L59: 3.44 | M59: 2 | N59: 1.92 | O59: 1.88 | P59: 1.84 | R59: (float) (4 * (1 - (Ctx.GetOrCalculateStat(Stat.BlockCooldownReduction)))) | S59: Hidden
A60: Block Cooldown Reduction | B60: BlockCooldownReduction | C60: Reduces Block CD | D60: (Dexterity * 0.01) | E60: 0 | F60: Dexterity | I60: 0.1 | J60: 0.12 | K60: 0.13 | L60: 0.14 | M60: 0.5 | N60: 0.52 | O60: 0.53 | P60: 0.54 | R60: (float) (Ctx.GetOrCalculateStat(Stat.Dexterity) * 0.01) | S60: Hidden
A61: Block Value | B61: BlockValue | C61: Serves as the threshold to trigger a block and the amount of damage blocked | D61: (BaseBlockValue * (1 + BlockValueIncrease)) | E61: 0 | F61: Endurance | G61: Base Block Value, Block Value Increase | H61: Base Block Value, Block Value Increase | I61: 0 | J61: 0 | K61: 0 | L61: 0 | M61: 0 | N61: 0 | O61: 0 | P61: 0 | R61: (float) (Ctx.GetOrCalculateStat(Stat.BaseBlockValue) * (1 + Ctx.GetOrCalculateStat(Stat.BlockValueIncrease))) | S61: Hidden
A62: Block Value Increase | B62: BlockValueIncrease | C62: Multiplier on Base Block Value | D62: (Endurance * 0.01) | E62: 0 | F62: Endurance | I62: 0.1 | J62: 0.12 | K62: 0.13 | L62: 0.14 | M62: 0.5 | N62: 0.52 | O62: 0.53 | P62: 0.54 | R62: (float) (Ctx.GetOrCalculateStat(Stat.Endurance) * 0.01) | S62: Hidden
A63: Chaos Resistance | B63: ChaosResistanceValue | C63: Amount to resist chaos damage | D63: 0 | E63: 0 | I63: 0 | J63: 0 | K63: 0 | L63: 0 | M63: 0 | N63: 0 | O63: 0 | P63: 0 | R63: 0 | S63: Hidden
A64: Cooldown Speed | B64: CooldownSpeed | D64: 1 | E64: 1 | I64: 1 | J64: 1 | K64: 1 | L64: 1 | M64: 1 | N64: 1 | O64: 1 | P64: 1 | R64: 1 | S64: Hidden
A65: Courage Degeneration | B65: CourageDegeneration | C65: The rate at which Courage decays over time | D65: -10 * (100 / Spirit) | E65: div/0 | F65: Spirit | I65: -100 | J65: -83.333333 | K65: -76.923077 | L65: -71.428571 | M65: -20 | N65: -19.230769 | O65: -18.867925 | P65: -18.518519 | R65: -10 * (100 / Ctx.GetOrCalculateStat(Stat.Spirit)) | S65: Hidden
A66: Courage Gain Multiplier | B66: CourageGainMultiplier | C66: Increases the amount of Courage gained from abilities and effects | D66: (1 + Spirit * 0.005) | E66: 1 | F66: Spirit | I66: 1.05 | J66: 1.06 | K66: 1.065 | L66: 1.07 | M66: 1.25 | N66: 1.26 | O66: 1.265 | P66: 1.27 | R66: (float) (1 + Ctx.GetOrCalculateStat(Stat.Spirit) * 0.005) | S66: Hidden
A67: Critical Hit Multiplier | B67: CriticalDamageMultiplier | C67: Fraction more damage | D67: 1.25 | E67: 1.25 | I67: 1.25 | J67: 1.25 | K67: 1.25 | L67: 1.25 | M67: 1.25 | N67: 1.25 | O67: 1.25 | P67: 1.25 | R67: 1.25 | S67: Hidden
A68: Critical Hit Rating | B68: CriticalHitRating | C68: Basis for Critical Hit Chance | D68: 10 | E68: 10 | I68: 10 | J68: 10 | K68: 10 | L68: 10 | M68: 10 | N68: 10 | O68: 10 | P68: 10 | R68: 10 | S68: Hidden
A69: Crushing Resistance | B69: CrushingResistanceValue | C69: Amount to resist crushing damage | D69: 0 | E69: 0 | I69: 0 | J69: 0 | K69: 0 | L69: 0 | M69: 0 | N69: 0 | O69: 0 | P69: 0 | R69: 0 | S69: Hidden
A70: Determination Regeneration | B70: DeterminationRegeneration | C70: The rate at which Determination recovers over time | D70: 20 * (Spirit / 100) | E70: 0 | F70: Spirit | I70: 2 | J70: 2.4 | K70: 2.6 | L70: 2.8 | M70: 10 | N70: 10.4 | O70: 10.6 | P70: 10.8 | R70: 20 * (Ctx.GetOrCalculateStat(Stat.Spirit) / 100) | S70: Hidden
A71: Earth Resistance | B71: EarthResistanceValue | C71: Amount to resist earth damage | D71: 0 | E71: 0 | I71: 0 | J71: 0 | K71: 0 | L71: 0 | M71: 0 | N71: 0 | O71: 0 | P71: 0 | R71: 0 | S71: Hidden
A72: Evasion Chance | B72: EvasionChance | C72: Chance for damage to be evaded | D72: (BaseEvasionChance * (1 + EvasionChanceIncrease)) | E72: 0 | F72: Dexterity | G72: Base Evasion Chance, Evasion Chance Increase | H72: Base Evasion Chance, Evasion Chance Increase | I72: 0.022 | J72: 0.02688 | K72: 0.02938 | L72: 0.03192 | M72: 0.15 | N72: 0.15808 | O72: 0.16218 | P72: 0.16632 | R72: (float) (Ctx.GetOrCalculateStat(Stat.BaseEvasionChance) * (1 + Ctx.GetOrCalculateStat(Stat.EvasionChanceIncrease))) | S72: Hidden
A73: Evasion Chance Increase | B73: EvasionChanceIncrease | C73: Multiplier on Base Evasion Chance | D73: (Dexterity * 0.01) | E73: 0 | F73: Dexterity | I73: 0.1 | J73: 0.12 | K73: 0.13 | L73: 0.14 | M73: 0.5 | N73: 0.52 | O73: 0.53 | P73: 0.54 | R73: (float) (Ctx.GetOrCalculateStat(Stat.Dexterity) * 0.01) | S73: Hidden
A74: Evasion Multiplier | B74: EvasionMultiplier | C74: Multiplier for damage when damage is evaded | D74: 0 | E74: 0 | I74: 0 | J74: 0 | K74: 0 | L74: 0 | M74: 0 | N74: 0 | O74: 0 | P74: 0 | R74: 0 | S74: Hidden
A75: Faith Regeneration | B75: FaithRegeneration | C75: The rate at which Faith recovers over time | D75: (BaseFaithRegeneration * (1 + FaithRegenerationIncrease)) | E75: 10 | F75: Spirit | G75: Base Faith Regeneration, Faith Regeneration Increase | H75: Base Faith Regeneration, Faith Regeneration Increase | I75: 13 | J75: 13.6 | K75: 13.9 | L75: 14.2 | M75: 25 | N75: 25.6 | O75: 25.9 | P75: 26.2 | R75: (float) (Ctx.GetOrCalculateStat(Stat.BaseFaithRegeneration) * (1 + Ctx.GetOrCalculateStat(Stat.FaithRegenerationIncrease))) | S75: Hidden
A76: Fire Resistance | B76: FireResistanceValue | C76: Amount to resist fire damage | D76: 0 | E76: 0 | I76: 0 | J76: 0 | K76: 0 | L76: 0 | M76: 0 | N76: 0 | O76: 0 | P76: 0 | R76: 0 | S76: Hidden
A77: Focus Regeneration | B77: FocusRegeneration | C77: The rate at which Focus recovers over time | D77: (0.1 + Spirit * 0.005) | E77: 0.1 | F77: Spirit | I77: 0.15 | J77: 0.16 | K77: 0.165 | L77: 0.17 | M77: 0.35 | N77: 0.36 | O77: 0.365 | P77: 0.37 | R77: (float) (0.1 + Ctx.GetOrCalculateStat(Stat.Spirit) * 0.005) | S77: Hidden
A78: Guts Increase | B78: GutsValueIncrease | C78: Multiplier on Base Guts Value | D78: (Endurance * 0.005) | E78: 0 | F78: Endurance | I78: 0.05 | J78: 0.06 | K78: 0.065 | L78: 0.07 | M78: 0.25 | N78: 0.26 | O78: 0.265 | P78: 0.27 | R78: (float) (Ctx.GetOrCalculateStat(Stat.Endurance) * 0.005) | S78: Hidden
A79: Guts Multiplier | B79: GutsMultiplier | C79: Multiplier for damage below the Guts Threshold | D79: 1 - GutsValue | E79: 0.9 | F79: Endurance | G79: Guts Value | H79: Base Guts, Guts Increase, Guts Value | I79: 0.895 | J79: 0.894 | K79: 0.8935 | L79: 0.893 | M79: 0.875 | N79: 0.874 | O79: 0.8735 | P79: 0.873 | R79: 1 - Ctx.GetOrCalculateStat(Stat.GutsValue) | S79: Hidden
A80: Guts Threshold | B80: GutsThreshold | C80: Percent of Max Health below which Guts reduces damage taken | D80: (BaseGutsThreshold * (1 + GutsThresholdIncrease)) | E80: 0.1 | F80: Endurance | G80: Base Guts Threshold, Guts Threshold Increase | H80: Base Guts Threshold, Guts Threshold Increase | I80: 0.11 | J80: 0.112 | K80: 0.113 | L80: 0.114 | M80: 0.15 | N80: 0.152 | O80: 0.153 | P80: 0.154 | R80: (float) (Ctx.GetOrCalculateStat(Stat.BaseGutsThreshold) * (1 + Ctx.GetOrCalculateStat(Stat.GutsThresholdIncrease))) | S80: Hidden
A81: Guts Threshold Increase | B81: GutsThresholdIncrease | C81: Multiplier on Base Guts Threshold | D81: (Endurance * 0.01) | E81: 0 | F81: Endurance | I81: 0.1 | J81: 0.12 | K81: 0.13 | L81: 0.14 | M81: 0.5 | N81: 0.52 | O81: 0.53 | P81: 0.54 | R81: (float) (Ctx.GetOrCalculateStat(Stat.Endurance) * 0.01) | S81: Hidden
A82: Guts Value | B82: GutsValue | C82: Damage reduction while below Guts Threshold | D82: (BaseGutsValue * (1 + GutsValueIncrease)) | E82: 0.1 | F82: Endurance | G82: Base Guts, Guts Increase | H82: Base Guts, Guts Increase | I82: 0.105 | J82: 0.106 | K82: 0.1065 | L82: 0.107 | M82: 0.125 | N82: 0.126 | O82: 0.1265 | P82: 0.127 | R82: (float) (Ctx.GetOrCalculateStat(Stat.BaseGutsValue) * (1 + Ctx.GetOrCalculateStat(Stat.GutsValueIncrease))) | S82: Hidden
A83: Judgement Degeneration | B83: JudgementDegeneration | C83: The rate at which Judgement decays over time | D83: -3 * (100 / Spirit) | E83: div/0 | F83: Spirit | I83: -30 | J83: -25 | K83: -23.076923 | L83: -21.428571 | M83: -6 | N83: -5.769231 | O83: -5.660377 | P83: -5.555556 | R83: -3 * (100 / Ctx.GetOrCalculateStat(Stat.Spirit)) | S83: Hidden
A84: Judgement Gain Multiplier | B84: JudgementGainMultiplier | C84: Increases the amount of Judgement gained from abilities and effects | D84: (1 + Spirit * 0.005) | E84: 1 | F84: Spirit | I84: 1.05 | J84: 1.06 | K84: 1.065 | L84: 1.07 | M84: 1.25 | N84: 1.26 | O84: 1.265 | P84: 1.27 | R84: (float) (1 + Ctx.GetOrCalculateStat(Stat.Spirit) * 0.005) | S84: Hidden
A85: Lightning Resistance | B85: LightningResistanceValue | C85: Amount to resist lightning damage | D85: 0 | E85: 0 | I85: 0 | J85: 0 | K85: 0 | L85: 0 | M85: 0 | N85: 0 | O85: 0 | P85: 0 | R85: 0 | S85: Hidden
A86: Magic Armor Rating | B86: MagicArmorRating | C86: Value used to determine MagicArmorMultiplier, sourced from target equipment, stats | D86: 0 | E86: 0 | I86: 0 | J86: 0 | K86: 0 | L86: 0 | M86: 0 | N86: 0 | O86: 0 | P86: 0 | R86: 0 | S86: Hidden
A87: Mana Regeneration | B87: ManaRegeneration | C87: The rate at which Mana recovers over time | D87: (BaseManaRegeneration * (1 + ManaRegenerationIncrease)) | E87: 10 | F87: Spirit | G87: Base Mana Regeneration, Mana Regeneration Increase | H87: Base Mana Regeneration, Base Maximum Mana, Mana Regeneration Increase, Max Mana, Maximum Mana Increase | I87: 17.28 | J87: 19.06624 | K87: 20.00376 | L87: 20.97152 | M87: 80 | N87: 84.89664 | O87: 87.41816 | P87: 89.98912 | R87: (float) (Ctx.GetOrCalculateStat(Stat.BaseManaRegeneration) * (1 + Ctx.GetOrCalculateStat(Stat.ManaRegenerationIncrease))) | S87: Hidden
A88: Max Courage | B88: MaxCourage | C88: The max value of Courage resource | D88: 1000 | E88: 1000 | I88: 1000 | J88: 1000 | K88: 1000 | L88: 1000 | M88: 1000 | N88: 1000 | O88: 1000 | P88: 1000 | R88: 1000 | S88: Hidden
A89: Max Determination | B89: MaxDetermination | C89: The max value of Determination resource | D89: 1000 | E89: 1000 | I89: 1000 | J89: 1000 | K89: 1000 | L89: 1000 | M89: 1000 | N89: 1000 | O89: 1000 | P89: 1000 | R89: 1000 | S89: Hidden
A90: Max Faith | B90: MaxFaith | C90: The max value of Faith resource | D90: 1000 | E90: 1000 | I90: 1000 | J90: 1000 | K90: 1000 | L90: 1000 | M90: 1000 | N90: 1000 | O90: 1000 | P90: 1000 | R90: 1000 | S90: Hidden
A91: Max Focus | B91: MaxFocus | C91: The max value of Focus resource | D91: 1000 | E91: 1000 | I91: 1000 | J91: 1000 | K91: 1000 | L91: 1000 | M91: 1000 | N91: 1000 | O91: 1000 | P91: 1000 | R91: 1000 | S91: Hidden
A92: Max Judgement | B92: MaxJudgement | C92: The max value of Judgement resource | D92: 1000 | E92: 1000 | I92: 1000 | J92: 1000 | K92: 1000 | L92: 1000 | M92: 1000 | N92: 1000 | O92: 1000 | P92: 1000 | R92: 1000 | S92: Hidden
A93: Max Mana | B93: MaxMana | C93: Maximum Mana value | D93: (BaseMaxMana * (1 + MaxManaIncrease)) | E93: 5000 | F93: Spirit | G93: Base Maximum Mana, Maximum Mana Increase | H93: Base Maximum Mana, Maximum Mana Increase | I93: 7200 | J93: 7688 | K93: 7938 | L93: 8192 | M93: 20000 | N93: 20808 | O93: 21218 | P93: 21632 | R93: (float) (Ctx.GetOrCalculateStat(Stat.BaseMaxMana) * (1 + Ctx.GetOrCalculateStat(Stat.MaxManaIncrease))) | S93: Hidden
A94: Max Turn Speed | B94: MaxTurnSpeed | D94: 20.1 | E94: 20.1 | I94: 20.1 | J94: 20.1 | K94: 20.1 | L94: 20.1 | M94: 20.1 | N94: 20.1 | O94: 20.1 | P94: 20.1 | R94: 20.1 | S94: Hidden
A95: Mind Resistance | B95: MindResistanceValue | C95: Amount to resist mind damage | D95: 0 | E95: 0 | I95: 0 | J95: 0 | K95: 0 | L95: 0 | M95: 0 | N95: 0 | O95: 0 | P95: 0 | R95: 0 | S95: Hidden
A96: Move Acceleration | B96: MoveAcceleration | D96: 60 | E96: 60 | I96: 60 | J96: 60 | K96: 60 | L96: 60 | M96: 60 | N96: 60 | O96: 60 | P96: 60 | R96: 60 | S96: Hidden
A97: Parry Chance | B97: ParryChance | C97: Chance for damage to be parried | D97: 0.05 | E97: 0.05 | I97: 0.05 | J97: 0.05 | K97: 0.05 | L97: 0.05 | M97: 0.05 | N97: 0.05 | O97: 0.05 | P97: 0.05 | R97: 0.05 | S97: Hidden
A98: Parry Multiplier | B98: ParryMultiplier | C98: Multiplier for damage when damage is parried | D98: 0 | E98: 0 | I98: 0 | J98: 0 | K98: 0 | L98: 0 | M98: 0 | N98: 0 | O98: 0 | P98: 0 | R98: 0 | S98: Hidden
A99: Physical Armor Rating | B99: PhysicalArmorRating | C99: Value used to determine PhysicalArmorMultiplier, sourced from target equipment, stats | D99: 0 | E99: 0 | I99: 0 | J99: 0 | K99: 0 | L99: 0 | M99: 0 | N99: 0 | O99: 0 | P99: 0 | R99: 0 | S99: Hidden
A100: Piercing Resistance | B100: PiercingResistanceValue | C100: Amount to resist piercing damage | D100: 0 | E100: 0 | I100: 0 | J100: 0 | K100: 0 | L100: 0 | M100: 0 | N100: 0 | O100: 0 | P100: 0 | R100: 0 | S100: Hidden
...
